Cites,Authors,Title,Year,Source,Publisher,ArticleURL,CitesURL,GSRank,QueryDate,Type,DOI,ISSN,CitationURL,Volume,Issue,StartPage,EndPage,ECC,CitesPerYear,CitesPerAuthor,AuthorCount,Age,Abstract,FullTextURL,RelatedURL
0,"","Proceeding of the 2nd International Conference on Engineering Science and Technology, ICEST 2021",2023,"AIP Conference Proceedings","","","https://www.scopus.com/inward/citedby.uri?partnerID=HzOxMe3b&scp=85176731519&origin=inward",165,"2023-12-15 21:21:59","Conference Review","","0094-243X","https://api.elsevier.com/content/abstract/scopus_id/85176731519",2677,1,,,0,0.00,0,0,1,"","",""
0,"","4th International Conference on Inventive Computation and Information Technologies, ICICIT 2022",2023,"Lecture Notes in Networks and Systems","","","https://www.scopus.com/inward/citedby.uri?partnerID=HzOxMe3b&scp=85151122122&origin=inward",182,"2023-12-15 21:21:59","Conference Review","","2367-3370","https://api.elsevier.com/content/abstract/scopus_id/85151122122",563,,,,0,0.00,0,0,1,"","",""
0,"","3rd International Conference on Experimental and Computational Mechanics in Engineering, ICECME 2021",2023,"Lecture Notes in Mechanical Engineering","","","https://www.scopus.com/inward/citedby.uri?partnerID=HzOxMe3b&scp=85138000214&origin=inward",189,"2023-12-15 21:21:59","Conference Review","","2195-4356","https://api.elsevier.com/content/abstract/scopus_id/85138000214",,,,,0,0.00,0,0,1,"","",""
0,"","International Conference on Advanced Production and Industrial Engineering, ICAPIE 2019",2021,"Lecture Notes in Mechanical Engineering","","","https://www.scopus.com/inward/citedby.uri?partnerID=HzOxMe3b&scp=85135144115&origin=inward",193,"2023-12-15 21:21:59","Conference Review","","2195-4356","https://api.elsevier.com/content/abstract/scopus_id/85135144115",,,,,0,0.00,0,0,2,"","",""
0,"","4th International Conference on Computational Intelligence in Pattern Recognition, CIPR 2022",2022,"Lecture Notes in Networks and Systems","","","https://www.scopus.com/inward/citedby.uri?partnerID=HzOxMe3b&scp=85134350776&origin=inward",195,"2023-12-15 21:21:59","Conference Review","","2367-3370","https://api.elsevier.com/content/abstract/scopus_id/85134350776",480,,,,0,0.00,0,0,1,"","",""
0,"","1st International Conference on Innovation and Application of Science and Technology, ICIASTECH 2019",2021,"Journal of Physics: Conference Series","","","https://www.scopus.com/inward/citedby.uri?partnerID=HzOxMe3b&scp=85111101441&origin=inward",198,"2023-12-15 21:21:59","Conference Review","","1742-6588","https://api.elsevier.com/content/abstract/scopus_id/85111101441",1908,1,,,0,0.00,0,0,2,"","",""
1,"A. Agrawal","Dry-sliding wear analysis and prediction using response surface method and fuzzy logic for Kota stone dust–fly ash–epoxy hybrid composites",2023,"Proceedings of the Institution of Mechanical Engineers, Part E: Journal of Process Mechanical Engineering","","","https://www.scopus.com/inward/citedby.uri?partnerID=HzOxMe3b&scp=85150830329&origin=inward",142,"2023-12-15 21:21:59","Article","10.1177/09544089231158902","0954-4089","https://api.elsevier.com/content/abstract/scopus_id/85150830329",,,,,1,1.00,1,1,1,"","",""
1,"A. Azma","Fuzzy-based bee algorithm for machine learning and pattern recognition of computational data of nanofluid heat transfer",2023,"Neural Computing and Applications","","","https://www.scopus.com/inward/citedby.uri?partnerID=HzOxMe3b&scp=85164928858&origin=inward",139,"2023-12-15 21:21:59","Article","10.1007/s00521-023-08851-z","0941-0643","https://api.elsevier.com/content/abstract/scopus_id/85164928858",35,27,20087,20101,1,1.00,1,1,1,"","",""
1,"A. Bartan","An integrated environmental risk assessment framework for coal-fired power plants: A fuzzy logic approach",2023,"Risk Analysis","","","https://www.scopus.com/inward/citedby.uri?partnerID=HzOxMe3b&scp=85126296414&origin=inward",151,"2023-12-15 21:21:59","Article","10.1111/risa.13908","0272-4332","https://api.elsevier.com/content/abstract/scopus_id/85126296414",43,3,530,547,1,1.00,1,1,1,"","",""
42,"A. Belhadi","Infectious Waste Management Strategy during COVID-19 Pandemic in Africa: an Integrated Decision-Making Framework for Selecting Sustainable Technologies",2020,"Environmental Management","","","https://www.scopus.com/inward/citedby.uri?partnerID=HzOxMe3b&scp=85093916792&origin=inward",12,"2023-12-15 21:21:59","Article","10.1007/s00267-020-01375-5","0364-152X","https://api.elsevier.com/content/abstract/scopus_id/85093916792",66,6,1085,1104,42,14.00,42,1,3,"","",""
33,"A. Bernardelli","Real-time model predictive control of a wastewater treatment plant based on machine learning",2020,"Water Science and Technology","","","https://www.scopus.com/inward/citedby.uri?partnerID=HzOxMe3b&scp=85089408421&origin=inward",22,"2023-12-15 21:21:59","Article","10.2166/wst.2020.298","0273-1223","https://api.elsevier.com/content/abstract/scopus_id/85089408421",81,11,2391,2400,33,11.00,33,1,3,"","",""
4,"A. Mustafa Mohamed","Compressive strength of efficient self-compacting concrete with rice husk ash, fly ash, and calcium carbide waste additives using multiple artificial intelligence methods",2022,"Structural Concrete","","","https://www.scopus.com/inward/citedby.uri?partnerID=HzOxMe3b&scp=85118534210&origin=inward",101,"2023-12-15 21:21:59","Article","10.1002/suco.202100286","1464-4177","https://api.elsevier.com/content/abstract/scopus_id/85118534210",23,4,2523,2541,4,4.00,4,1,1,"","",""
0,"A. Nouri","A new fuzzy approach and bankruptcy theory in risk estimation in Waste Load Allocation",2023,"Environmental Monitoring and Assessment","","","https://www.scopus.com/inward/citedby.uri?partnerID=HzOxMe3b&scp=85173089022&origin=inward",169,"2023-12-15 21:21:59","Article","10.1007/s10661-023-11811-8","0167-6369","https://api.elsevier.com/content/abstract/scopus_id/85173089022",195,10,,,0,0.00,0,1,1,"","",""
0,"A. Ozbek","Prediction of daily average seawater temperature using data-driven and deep learning algorithms",2023,"Neural Computing and Applications","","","https://www.scopus.com/inward/citedby.uri?partnerID=HzOxMe3b&scp=85173915554&origin=inward",167,"2023-12-15 21:21:59","Article","10.1007/s00521-023-09010-0","0941-0643","https://api.elsevier.com/content/abstract/scopus_id/85173915554",,,,,0,0.00,0,1,1,"","",""
11,"A.G. Sheik","Supervisory control configurations design for nitrogen and phosphorus removal in wastewater treatment plants",2021,"Water Environment Research","","","https://www.scopus.com/inward/citedby.uri?partnerID=HzOxMe3b&scp=85100447296&origin=inward",61,"2023-12-15 21:21:59","Article","10.1002/wer.1512","1061-4303","https://api.elsevier.com/content/abstract/scopus_id/85100447296",93,8,1289,1302,11,5.50,11,1,2,"","",""
7,"A.G. Sheik","Integrated supervisory and override control strategies for effective biological phosphorus removal and reduced operational costs in wastewater treatment processes",2022,"Chemosphere","","https://api.elsevier.com/content/article/eid/1-s2.0-S0045653521028186","https://www.scopus.com/inward/citedby.uri?partnerID=HzOxMe3b&scp=85115957097&origin=inward",76,"2023-12-15 21:21:59","Article","10.1016/j.chemosphere.2021.132346","0045-6535","https://api.elsevier.com/content/abstract/scopus_id/85115957097",287,,,,7,7.00,7,1,1,"","",""
2,"A.H. Baghanam","AI-based ensemble modeling of landfill leakage employing a lysimeter, climatic data and transfer learning",2022,"Journal of Hydrology","","https://api.elsevier.com/content/article/eid/1-s2.0-S0022169422008150","https://www.scopus.com/inward/citedby.uri?partnerID=HzOxMe3b&scp=85144082068&origin=inward",121,"2023-12-15 21:21:59","Article","10.1016/j.jhydrol.2022.128243","0022-1694","https://api.elsevier.com/content/abstract/scopus_id/85144082068",612,,,,2,2.00,2,1,1,"","",""
2,"A.H.Z. Fasya","Comprehensive sanitation situation analysis based on complete components in community-based total sanitation",2022,"Bali Medical Journal","","","https://www.scopus.com/inward/citedby.uri?partnerID=HzOxMe3b&scp=85143623639&origin=inward",122,"2023-12-15 21:21:59","Article","10.15562/bmj.v11i3.3536","2089-1180","https://api.elsevier.com/content/abstract/scopus_id/85143623639",11,3,1176,1179,2,2.00,2,1,1,"","",""
4,"B. Andik","Waste load allocation under uncertainty using game theory approach and simulation-optimization process",2020,"Journal of Hydroinformatics","","","https://www.scopus.com/inward/citedby.uri?partnerID=HzOxMe3b&scp=85089879979&origin=inward",104,"2023-12-15 21:21:59","Article","10.2166/hydro.2020.190","1464-7141","https://api.elsevier.com/content/abstract/scopus_id/85089879979",22,4,815,841,4,1.33,4,1,3,"","",""
0,"B. Faybishenko","A Concept of Fuzzy Dual Permeability of Fractured Porous Media",2023,"Water (Switzerland)","","","https://www.scopus.com/inward/citedby.uri?partnerID=HzOxMe3b&scp=85176499151&origin=inward",166,"2023-12-15 21:21:59","Article","10.3390/w15213752","2073-4441","https://api.elsevier.com/content/abstract/scopus_id/85176499151",15,21,,,0,0.00,0,1,1,"","",""
0,"B. Faybishenko","Fuzzy Systems Modeling in Environmental and Health Risk Assessment",2023,"Fuzzy Systems Modeling in Environmental and Health Risk Assessment","","","https://www.scopus.com/inward/citedby.uri?partnerID=HzOxMe3b&scp=85153443425&origin=inward",179,"2023-12-15 21:21:59","Book","10.1002/9781119569503","","https://api.elsevier.com/content/abstract/scopus_id/85153443425",,,1,314,0,0.00,0,1,1,"","",""
31,"B. Ke","Prediction of the sorption efficiency of heavy metal onto biochar using a robust combination of fuzzy C-means clustering and back-propagation neural network",2021,"Journal of Environmental Management","","https://api.elsevier.com/content/article/eid/1-s2.0-S0301479721008707","https://www.scopus.com/inward/citedby.uri?partnerID=HzOxMe3b&scp=85106904946&origin=inward",23,"2023-12-15 21:21:59","Article","10.1016/j.jenvman.2021.112808","0301-4797","https://api.elsevier.com/content/abstract/scopus_id/85106904946",293,,,,31,15.50,31,1,2,"","",""
18,"B. Liu","Multi-objective Decision-Making for the Ecological Operation of Built Reservoirs Based on the Improved Comprehensive Fuzzy Evaluation Method",2019,"Water Resources Management","","","https://www.scopus.com/inward/citedby.uri?partnerID=HzOxMe3b&scp=85071742850&origin=inward",39,"2023-12-15 21:21:59","Article","10.1007/s11269-019-02349-x","0920-4741","https://api.elsevier.com/content/abstract/scopus_id/85071742850",33,11,3949,3964,18,4.50,18,1,4,"","",""
1,"B.R.P.D. Palevi","Fuzzy Logic-Based Wet Scrubber to Control Air Pollutant",2019,"Proceedings - 2019 International Seminar on Intelligent Technology and Its Application, ISITIA 2019","","","https://www.scopus.com/inward/citedby.uri?partnerID=HzOxMe3b&scp=85078489645&origin=inward",161,"2023-12-15 21:21:59","Conference Paper","10.1109/ISITIA.2019.8937142","","https://api.elsevier.com/content/abstract/scopus_id/85078489645",,,74,79,1,0.25,1,1,4,"","",""
6,"C. Fu","Fuzzy-PID Strategy Based on PSO Optimization for pH Control in Water and Fertilizer Integration",2022,"IEEE Access","","","https://www.scopus.com/inward/citedby.uri?partnerID=HzOxMe3b&scp=85122295286&origin=inward",83,"2023-12-15 21:21:59","Article","10.1109/ACCESS.2021.3138910","2169-3536","https://api.elsevier.com/content/abstract/scopus_id/85122295286",10,,4471,4482,6,6.00,6,1,1,"","",""
0,"C. Li","Application of artificial intelligence-based methods in bioelectrochemical systems: Recent progress and future perspectives",2023,"Journal of Environmental Management","","https://api.elsevier.com/content/article/eid/1-s2.0-S0301479723012902","https://www.scopus.com/inward/citedby.uri?partnerID=HzOxMe3b&scp=85163200481&origin=inward",173,"2023-12-15 21:21:59","Review","10.1016/j.jenvman.2023.118502","0301-4797","https://api.elsevier.com/content/abstract/scopus_id/85163200481",344,,,,0,0.00,0,1,1,"","",""
6,"C. Nan","Estimation of environmental damages of cement building and environmental benefits of prefabricated building: A case study based on a residential project in Henan Province, China",2020,"Nature Environment and Pollution Technology","","","https://www.scopus.com/inward/citedby.uri?partnerID=HzOxMe3b&scp=85091321279&origin=inward",84,"2023-12-15 21:21:59","Article","10.46488/NEPT.2020.V19I02.027","0972-6268","https://api.elsevier.com/content/abstract/scopus_id/85091321279",19,2,721,728,6,2.00,6,1,3,"","",""
24,"C.N. Wang","A model for optimizing location selection for biomass energy power plants",2019,"Processes","","","https://www.scopus.com/inward/citedby.uri?partnerID=HzOxMe3b&scp=85067183551&origin=inward",27,"2023-12-15 21:21:59","Article","10.3390/pr7060353","2227-9717","https://api.elsevier.com/content/abstract/scopus_id/85067183551",7,6,,,24,6.00,24,1,4,"","",""
13,"C.W. Lin","Sustainable development for zero-wastewater-discharge reproduction planning under quantitative and qualitative information",2019,"Management of Environmental Quality: An International Journal","","","https://www.scopus.com/inward/citedby.uri?partnerID=HzOxMe3b&scp=85066999247&origin=inward",57,"2023-12-15 21:21:59","Article","10.1108/MEQ-12-2018-0213","1477-7835","https://api.elsevier.com/content/abstract/scopus_id/85066999247",30,5,1114,1131,13,3.25,13,1,4,"","",""
0,"D. Abdullah","A solution to reduce the environmental impacts of earthquakes: Web GIS-based forecasting",2023,"Caspian Journal of Environmental Sciences","","","https://www.scopus.com/inward/citedby.uri?partnerID=HzOxMe3b&scp=85159961217&origin=inward",175,"2023-12-15 21:21:59","Article","10.22124/CJES.2023.6514","1735-3033","https://api.elsevier.com/content/abstract/scopus_id/85159961217",21,2,361,373,0,0.00,0,1,1,"","",""
9,"D. Chen","Delineating and identifying risk zones of soil heavy metal pollution in an industrialized region using machine learning",2023,"Environmental Pollution","","https://api.elsevier.com/content/article/eid/1-s2.0-S0269749122021479","https://www.scopus.com/inward/citedby.uri?partnerID=HzOxMe3b&scp=85145602087&origin=inward",69,"2023-12-15 21:21:59","Article","10.1016/j.envpol.2022.120932","0269-7491","https://api.elsevier.com/content/abstract/scopus_id/85145602087",318,,,,9,9.00,9,1,1,"","",""
17,"D. Gu","Evaluating water-energy-food system of Yellow River basin based on type-2 fuzzy sets and Pressure-State-Response model",2022,"Agricultural Water Management","","https://api.elsevier.com/content/article/eid/1-s2.0-S0378377422001548","https://www.scopus.com/inward/citedby.uri?partnerID=HzOxMe3b&scp=85126917747&origin=inward",42,"2023-12-15 21:21:59","Article","10.1016/j.agwat.2022.107607","0378-3774","https://api.elsevier.com/content/abstract/scopus_id/85126917747",267,,,,17,17.00,17,1,1,"","",""
8,"D. Guler","Suitability modeling and sensitivity analysis for biomass energy facilities in Turkey",2021,"Clean Technologies and Environmental Policy","","","https://www.scopus.com/inward/citedby.uri?partnerID=HzOxMe3b&scp=85107405755&origin=inward",70,"2023-12-15 21:21:59","Article","10.1007/s10098-021-02126-8","1618-954X","https://api.elsevier.com/content/abstract/scopus_id/85107405755",23,7,2183,2199,8,4.00,8,1,2,"","",""
5,"D. Kang","A novel MCDM approach to selecting a biodegradable dynamic plastic product: a probabilistic hesitant fuzzy set-based COPRAS method",2023,"Journal of Environmental Management","","https://api.elsevier.com/content/article/eid/1-s2.0-S0301479723007557","https://www.scopus.com/inward/citedby.uri?partnerID=HzOxMe3b&scp=85153602152&origin=inward",87,"2023-12-15 21:21:59","Article","10.1016/j.jenvman.2023.117967","0301-4797","https://api.elsevier.com/content/abstract/scopus_id/85153602152",340,,,,5,5.00,5,1,1,"","",""
10,"D. Li","Dissolved oxygen control strategies for water treatment: a review",2022,"Water Science and Technology","","","https://www.scopus.com/inward/citedby.uri?partnerID=HzOxMe3b&scp=85139535862&origin=inward",63,"2023-12-15 21:21:59","Review","10.2166/wst.2022.281","0273-1223","https://api.elsevier.com/content/abstract/scopus_id/85139535862",86,6,1444,1466,10,10.00,10,1,1,"","",""
0,"D. Lusenko","Waste Heat Boiler Control System Based on Neural network Technology and Fuzzy Logic",2022,"Proceedings - 2022 International Russian Automation Conference, RusAutoCon 2022","","","https://www.scopus.com/inward/citedby.uri?partnerID=HzOxMe3b&scp=85140888486&origin=inward",186,"2023-12-15 21:21:59","Conference Paper","10.1109/RusAutoCon54946.2022.9896377","","https://api.elsevier.com/content/abstract/scopus_id/85140888486",,,772,776,0,0.00,0,1,1,"","",""
1,"D.K. Jana","Saw dust-derived activated carbon in different impregnation ratios and its application in de-fluoridation of waste water using IT2FLC and RSM",2023,"Biomass Conversion and Biorefinery","","","https://www.scopus.com/inward/citedby.uri?partnerID=HzOxMe3b&scp=85119888557&origin=inward",154,"2023-12-15 21:21:59","Article","10.1007/s13399-021-02014-7","2190-6815","https://api.elsevier.com/content/abstract/scopus_id/85119888557",13,13,12021,12041,1,1.00,1,1,1,"","",""
1,"D.N. Utama","Fuzzy-DSM for Evaluating Waste's Hazardousness",2019,"Proceeding - 2019 International Conference on ICT for Smart Society: Innovation and Transformation Toward Smart Region, ICISS 2019","","","https://www.scopus.com/inward/citedby.uri?partnerID=HzOxMe3b&scp=85079270171&origin=inward",160,"2023-12-15 21:21:59","Conference Paper","10.1109/ICISS48059.2019.8969836","","https://api.elsevier.com/content/abstract/scopus_id/85079270171",,,,,1,0.25,1,1,4,"","",""
0,"D.Q. Fu","Fermentation quality and in rumen degradability of mixed silage from maize stalk and tomato pomace in varying proportions",2021,"Acta Prataculturae Sinica","","","https://www.scopus.com/inward/citedby.uri?partnerID=HzOxMe3b&scp=85117585536&origin=inward",197,"2023-12-15 21:21:59","Article","10.11686/cyxb2020367","1004-5759","https://api.elsevier.com/content/abstract/scopus_id/85117585536",30,10,147,158,0,0.00,0,1,2,"","",""
0,"D.R. Teja","Development of fuzzy leachate pollution index for treatability-based classification of solid waste landfills",2023,"Environmental Science and Pollution Research","","","https://www.scopus.com/inward/citedby.uri?partnerID=HzOxMe3b&scp=85136228697&origin=inward",192,"2023-12-15 21:21:59","Article","10.1007/s11356-022-22556-1","0944-1344","https://api.elsevier.com/content/abstract/scopus_id/85136228697",30,2,4949,4958,0,0.00,0,1,1,"","",""
3,"E. Adar","Prioritization of the treatment and disposal methods of wastes containing polychlorinated biphenyl by fuzzy multi-criteria decision-making and risk assessment",2020,"Environmental Monitoring and Assessment","","","https://www.scopus.com/inward/citedby.uri?partnerID=HzOxMe3b&scp=85086302775&origin=inward",114,"2023-12-15 21:21:59","Article","10.1007/s10661-020-08391-2","0167-6369","https://api.elsevier.com/content/abstract/scopus_id/85086302775",192,7,,,3,1.00,3,1,3,"","",""
2,"E. Asiedu-Ayeh","Assessing social responsibility initiatives for public-private partnership success based on multi-criteria decision making: evidence from municipal solid waste management in Ghana",2023,"Journal of Environmental Planning and Management","","","https://www.scopus.com/inward/citedby.uri?partnerID=HzOxMe3b&scp=85133658573&origin=inward",126,"2023-12-15 21:21:59","Article","10.1080/09640568.2022.2082929","0964-0568","https://api.elsevier.com/content/abstract/scopus_id/85133658573",66,13,2713,2738,2,2.00,2,1,1,"","",""
0,"E. Göz","River water quality modelling using artificial intelligence techniques",2020,"A Comprehensive Guide to Neural Network Modeling","","","https://www.scopus.com/inward/citedby.uri?partnerID=HzOxMe3b&scp=85152542401&origin=inward",181,"2023-12-15 21:21:59","Book Chapter","","","https://api.elsevier.com/content/abstract/scopus_id/85152542401",,,123,153,0,0.00,0,1,3,"","",""
40,"E. Yazdankish","Capture of I<sup>131</sup> from medical-based wastewater using the highly effective and recyclable adsorbent of g-C<inf>3</inf>N<inf>4</inf> assembled with Mg-Co-Al-layered double hydroxide",2020,"Journal of Hazardous Materials","","https://api.elsevier.com/content/article/eid/1-s2.0-S0304389420301394","https://www.scopus.com/inward/citedby.uri?partnerID=HzOxMe3b&scp=85078473272&origin=inward",17,"2023-12-15 21:21:59","Article","10.1016/j.jhazmat.2020.122151","0304-3894","https://api.elsevier.com/content/abstract/scopus_id/85078473272",389,,,,40,13.33,40,1,3,"","",""
16,"E. Şener","Landfill site selection using integrated fuzzy logic and analytic hierarchy process (AHP) in lake basins",2020,"Arabian Journal of Geosciences","","","https://www.scopus.com/inward/citedby.uri?partnerID=HzOxMe3b&scp=85093826807&origin=inward",48,"2023-12-15 21:21:59","Article","10.1007/s12517-020-06087-y","1866-7511","https://api.elsevier.com/content/abstract/scopus_id/85093826807",13,21,,,16,5.33,16,1,3,"","",""
3,"E.S.S. Tejaswini","Design and evaluation of advanced automatic control strategies in a total nitrogen removal activated sludge plant",2021,"Water and Environment Journal","","","https://www.scopus.com/inward/citedby.uri?partnerID=HzOxMe3b&scp=85098079352&origin=inward",113,"2023-12-15 21:21:59","Article","10.1111/wej.12670","1747-6585","https://api.elsevier.com/content/abstract/scopus_id/85098079352",35,2,791,806,3,1.50,3,1,2,"","",""
1,"F. Erdem","Risk assessment with the fuzzy logic method for Ankara OIZ environmental waste water treatment plant",2022,"Turkish Journal of Engineering","","","https://www.scopus.com/inward/citedby.uri?partnerID=HzOxMe3b&scp=85166223112&origin=inward",138,"2023-12-15 21:21:59","Article","10.31127/tuje.975623","2587-1366","https://api.elsevier.com/content/abstract/scopus_id/85166223112",6,4,268,275,1,1.00,1,1,1,"","",""
0,"F. Istiqomah","Prototype Design of CNC Machining Coolant Wastewater Treatment System Using Fuzzy Logic Controller",2021,"2021 International Conference on Advanced Mechatronics, Intelligent Manufacture and Industrial Automation, ICAMIMIA 2021 - Proceeding","","","https://www.scopus.com/inward/citedby.uri?partnerID=HzOxMe3b&scp=85135064944&origin=inward",194,"2023-12-15 21:21:59","Conference Paper","10.1109/ICAMIMIA54022.2021.9809802","","https://api.elsevier.com/content/abstract/scopus_id/85135064944",,,298,303,0,0.00,0,1,2,"","",""
24,"F. Zhang","Ecological risk assessment of marine microplastics using the analytic hierarchy process: A case study in the Yangtze River Estuary and adjacent marine areas",2022,"Journal of Hazardous Materials","","https://api.elsevier.com/content/article/eid/1-s2.0-S0304389421029290","https://www.scopus.com/inward/citedby.uri?partnerID=HzOxMe3b&scp=85120988084&origin=inward",25,"2023-12-15 21:21:59","Article","10.1016/j.jhazmat.2021.127960","0304-3894","https://api.elsevier.com/content/abstract/scopus_id/85120988084",425,,,,24,24.00,24,1,1,"","",""
0,"F.A. Amirov","Fuzzy C-Means Based Synthesis of Ion-Exchange Materials",2021,"Advances in Intelligent Systems and Computing","","","https://www.scopus.com/inward/citedby.uri?partnerID=HzOxMe3b&scp=85104875045&origin=inward",200,"2023-12-15 21:21:59","Conference Paper","10.1007/978-3-030-68004-6_64","2194-5357","https://api.elsevier.com/content/abstract/scopus_id/85104875045",1323,,487,495,0,0.00,0,1,2,"","",""
1,"F.G. Putra Pradana","Development of Smart Farming Control System based on Tsukamoto Fuzzy Algorithm",2023,"ICCoSITE 2023 - International Conference on Computer Science, Information Technology and Engineering: Digital Transformation Strategy in Facing the VUCA and TUNA Era","","","https://www.scopus.com/inward/citedby.uri?partnerID=HzOxMe3b&scp=85163052338&origin=inward",140,"2023-12-15 21:21:59","Conference Paper","10.1109/ICCoSITE57641.2023.10127754","","https://api.elsevier.com/content/abstract/scopus_id/85163052338",,,348,353,1,1.00,1,1,1,"","",""
1,"F.M. Tsai","Assessing sustainable consumption practices on cruise ships",2020,"Maritime Business Review","","","https://www.scopus.com/inward/citedby.uri?partnerID=HzOxMe3b&scp=85085213576&origin=inward",159,"2023-12-15 21:21:59","Article","10.1108/MABR-12-2019-0059","2397-3757","https://api.elsevier.com/content/abstract/scopus_id/85085213576",5,2,229,247,1,0.33,1,1,3,"","",""
18,"G. Qin","Water quality assessment and pollution source apportionment in a highly regulated river of Northeast China",2020,"Environmental Monitoring and Assessment","","","https://www.scopus.com/inward/citedby.uri?partnerID=HzOxMe3b&scp=85086719919&origin=inward",38,"2023-12-15 21:21:59","Article","10.1007/s10661-020-08404-0","0167-6369","https://api.elsevier.com/content/abstract/scopus_id/85086719919",192,7,,,18,6.00,18,1,3,"","",""
53,"G. Wang","A sparse deep belief network with efficient fuzzy learning framework",2020,"Neural Networks","","https://api.elsevier.com/content/article/eid/1-s2.0-S089360801930317X","https://www.scopus.com/inward/citedby.uri?partnerID=HzOxMe3b&scp=85073015074&origin=inward",8,"2023-12-15 21:21:59","Article","10.1016/j.neunet.2019.09.035","0893-6080","https://api.elsevier.com/content/abstract/scopus_id/85073015074",121,,430,440,53,17.67,53,1,3,"","",""
1,"H. Akinci","Site Selection for Municipal Solid Waste Landfill: Case Study of Artvin, Turkey",2022,"Environmental and Engineering Geoscience","","","https://www.scopus.com/inward/citedby.uri?partnerID=HzOxMe3b&scp=85137628170&origin=inward",145,"2023-12-15 21:21:59","Article","10.2113/EEG-D-21-00057","1078-7275","https://api.elsevier.com/content/abstract/scopus_id/85137628170",28,3,293,310,1,1.00,1,1,1,"","",""
1,"H. Akinci","Suitability analysis for municipal solid waste landfill site using geographic information system and fuzzy logic",2020,"Fresenius Environmental Bulletin","","","https://www.scopus.com/inward/citedby.uri?partnerID=HzOxMe3b&scp=85099394262&origin=inward",157,"2023-12-15 21:21:59","Article","","1018-4619","https://api.elsevier.com/content/abstract/scopus_id/85099394262",29,12,11514,11525,1,0.33,1,1,3,"","",""
8,"H. Gokcekus","Simulation and evaluation of water sterilization devices",2020,"Desalination and Water Treatment","","","https://www.scopus.com/inward/citedby.uri?partnerID=HzOxMe3b&scp=85098717266&origin=inward",71,"2023-12-15 21:21:59","Article","10.5004/dwt.2020.25115","1944-3994","https://api.elsevier.com/content/abstract/scopus_id/85098717266",177,,431,436,8,2.67,8,1,3,"","",""
17,"H. Hamidane","Reliability analysis of corrosion initiation in reinforced concrete structures subjected to chlorides in presence of epistemic uncertainties",2020,"Structural Safety","","https://api.elsevier.com/content/article/eid/1-s2.0-S0167473020300552","https://www.scopus.com/inward/citedby.uri?partnerID=HzOxMe3b&scp=85085073375&origin=inward",44,"2023-12-15 21:21:59","Article","10.1016/j.strusafe.2020.101976","0167-4730","https://api.elsevier.com/content/abstract/scopus_id/85085073375",86,,,,17,5.67,17,1,3,"","",""
11,"H. Huang","Single spectral imagery and faster R-CNN to identify hazardous and noxious substances spills",2020,"Environmental Pollution","","https://api.elsevier.com/content/article/eid/1-s2.0-S0269749119340990","https://www.scopus.com/inward/citedby.uri?partnerID=HzOxMe3b&scp=85078312924&origin=inward",62,"2023-12-15 21:21:59","Article","10.1016/j.envpol.2019.113688","0269-7491","https://api.elsevier.com/content/abstract/scopus_id/85078312924",258,,,,11,3.67,11,1,3,"","",""
4,"H. Jiang","Rural domestic sewage treatment in northeast cold region of China: Rational evaluation of technology options",2021,"Desalination and Water Treatment","","","https://www.scopus.com/inward/citedby.uri?partnerID=HzOxMe3b&scp=85112275800&origin=inward",102,"2023-12-15 21:21:59","Article","10.5004/dwt.2021.27377","1944-3994","https://api.elsevier.com/content/abstract/scopus_id/85112275800",229,,153,166,4,2.00,4,1,2,"","",""
8,"H. Li","Sustainability assessment of urban water environment treatment public-private partnership projects using fuzzy logic",2020,"Journal of Engineering, Design and Technology","","","https://www.scopus.com/inward/citedby.uri?partnerID=HzOxMe3b&scp=85089840178&origin=inward",72,"2023-12-15 21:21:59","Article","10.1108/JEDT-10-2019-0260","1726-0531","https://api.elsevier.com/content/abstract/scopus_id/85089840178",18,5,1251,1267,8,2.67,8,1,3,"","",""
5,"H. Li","Multi-dimensional dynamic fuzzy monitoring model for the effect of water pollution treatment",2019,"Environmental Monitoring and Assessment","","","https://www.scopus.com/inward/citedby.uri?partnerID=HzOxMe3b&scp=85065572512&origin=inward",94,"2023-12-15 21:21:59","Article","10.1007/s10661-019-7502-4","0167-6369","https://api.elsevier.com/content/abstract/scopus_id/85065572512",191,6,,,5,1.25,5,1,4,"","",""
5,"H. Liu","Comprehensive evaluation of flue gas desulfurization and denitrification technologies of six typical enterprises in Chengdu, China",2020,"Environmental Science and Pollution Research","","","https://www.scopus.com/inward/citedby.uri?partnerID=HzOxMe3b&scp=85089447682&origin=inward",93,"2023-12-15 21:21:59","Article","10.1007/s11356-020-10460-5","0944-1344","https://api.elsevier.com/content/abstract/scopus_id/85089447682",27,36,45824,45835,5,1.67,5,1,3,"","",""
7,"H. Lu","Automatic control and optimal operation for greenhouse gas mitigation in sustainable wastewater treatment plants: A review",2023,"Science of the Total Environment","","https://api.elsevier.com/content/article/eid/1-s2.0-S0048969722059484","https://www.scopus.com/inward/citedby.uri?partnerID=HzOxMe3b&scp=85138463397&origin=inward",74,"2023-12-15 21:21:59","Review","10.1016/j.scitotenv.2022.158849","0048-9697","https://api.elsevier.com/content/abstract/scopus_id/85138463397",855,,,,7,7.00,7,1,1,"","",""
55,"H. Pasalari","Landfill site selection using a hybrid system of AHP-Fuzzy in GIS environment: A case study in Shiraz city, Iran",2019,"MethodsX","","https://api.elsevier.com/content/article/eid/1-s2.0-S2215016119301669","https://www.scopus.com/inward/citedby.uri?partnerID=HzOxMe3b&scp=85067481044&origin=inward",7,"2023-12-15 21:21:59","Article","10.1016/j.mex.2019.06.009","2215-0161","https://api.elsevier.com/content/abstract/scopus_id/85067481044",6,,1454,1466,55,13.75,55,1,4,"","",""
2,"H. Rezk","Boosting CO<inf>2</inf> Uptake from Waste Concrete Powder Using Artificial Intelligence and the Marine Predators Algorithm",2023,"Processes","","","https://www.scopus.com/inward/citedby.uri?partnerID=HzOxMe3b&scp=85172806276&origin=inward",118,"2023-12-15 21:21:59","Article","10.3390/pr11092655","2227-9717","https://api.elsevier.com/content/abstract/scopus_id/85172806276",11,9,,,2,2.00,2,1,1,"","",""
0,"H. Yang","Optimization of Ecological Water Replenishment Scheme Based on the Interval Fuzzy Two-Stage Stochastic Programming Method: Boluo Lake National Nature Reserve, Jilin Province, China",2022,"International Journal of Environmental Research and Public Health","","","https://www.scopus.com/inward/citedby.uri?partnerID=HzOxMe3b&scp=85128789499&origin=inward",196,"2023-12-15 21:21:59","Article","10.3390/ijerph19095218","1661-7827","https://api.elsevier.com/content/abstract/scopus_id/85128789499",19,9,,,0,0.00,0,1,1,"","",""
1,"H. Zhang","Investigating a water resource allocation model by using interval fuzzy two‐stage robust planning for the yinma river basin, jilin province, china",2021,"Water (Switzerland)","","","https://www.scopus.com/inward/citedby.uri?partnerID=HzOxMe3b&scp=85117746267&origin=inward",156,"2023-12-15 21:21:59","Article","10.3390/w13212974","2073-4441","https://api.elsevier.com/content/abstract/scopus_id/85117746267",13,21,,,1,0.50,1,1,2,"","",""
10,"H.G. Han","Type-2 fuzzy broad learning controller for wastewater treatment process",2021,"Neurocomputing","","https://api.elsevier.com/content/article/eid/1-s2.0-S0925231221010043","https://www.scopus.com/inward/citedby.uri?partnerID=HzOxMe3b&scp=85110122958&origin=inward",66,"2023-12-15 21:21:59","Article","10.1016/j.neucom.2021.06.074","0925-2312","https://api.elsevier.com/content/abstract/scopus_id/85110122958",459,,188,200,10,5.00,10,1,2,"","",""
2,"H.H. Tsao","A method of multi-stage reservoir water level forecasting systems: A case study of techi hydropower in Taiwan",2021,"Energies","","","https://www.scopus.com/inward/citedby.uri?partnerID=HzOxMe3b&scp=85108356645&origin=inward",133,"2023-12-15 21:21:59","Article","10.3390/en14123461","1996-1073","https://api.elsevier.com/content/abstract/scopus_id/85108356645",14,12,,,2,1.00,2,1,2,"","",""
9,"H.S.H. Wang","Machine learning for sustainable development and applications of biomass and biomass-derived carbonaceous materials in water and agricultural systems: A review",2023,"Resources, Conservation and Recycling","","https://api.elsevier.com/content/article/eid/1-s2.0-S0921344922006796","https://www.scopus.com/inward/citedby.uri?partnerID=HzOxMe3b&scp=85146012457&origin=inward",68,"2023-12-15 21:21:59","Review","10.1016/j.resconrec.2022.106847","0921-3449","https://api.elsevier.com/content/abstract/scopus_id/85146012457",190,,,,9,9.00,9,1,1,"","",""
21,"H.X. Liu","Urban agglomeration (Guangzhou-Foshan-Zhaoqing) ecosystem management under uncertainty: A factorial fuzzy chance-constrained programming method",2019,"Environmental Research","","https://api.elsevier.com/content/article/eid/1-s2.0-S001393511930146X","https://www.scopus.com/inward/citedby.uri?partnerID=HzOxMe3b&scp=85063091354&origin=inward",31,"2023-12-15 21:21:59","Article","10.1016/j.envres.2019.03.018","0013-9351","https://api.elsevier.com/content/abstract/scopus_id/85063091354",173,,97,111,21,5.25,21,1,4,"","",""
1,"I. Zorluer","Fuzzy logic assessment of engineering properties of granular soil with wastes for environment protection and road base use",2021,"Case Studies in Construction Materials","","https://api.elsevier.com/content/article/eid/1-s2.0-S2214509521002898","https://www.scopus.com/inward/citedby.uri?partnerID=HzOxMe3b&scp=85119613997&origin=inward",155,"2023-12-15 21:21:59","Article","10.1016/j.cscm.2021.e00774","2214-5095","https://api.elsevier.com/content/abstract/scopus_id/85119613997",15,,,,1,0.50,1,1,2,"","",""
23,"I.D. Amoah","Effect of selected wastewater characteristics on estimation of SARS-CoV-2 viral load in wastewater",2022,"Environmental Research","","https://api.elsevier.com/content/article/eid/1-s2.0-S0013935121011713","https://www.scopus.com/inward/citedby.uri?partnerID=HzOxMe3b&scp=85112496326&origin=inward",29,"2023-12-15 21:21:59","Article","10.1016/j.envres.2021.111877","0013-9351","https://api.elsevier.com/content/abstract/scopus_id/85112496326",203,,,,23,23.00,23,1,1,"","",""
1,"J. Chen","Hydrochemical Characteristics and Quality Assessment of Shallow Groundwater in Poultry Farming Sites in Suzhou City, China",2022,"Polish Journal of Environmental Studies","","","https://www.scopus.com/inward/citedby.uri?partnerID=HzOxMe3b&scp=85138709453&origin=inward",144,"2023-12-15 21:21:59","Article","10.15244/pjoes/148190","1230-1485","https://api.elsevier.com/content/abstract/scopus_id/85138709453",31,5,4071,4084,1,1.00,1,1,1,"","",""
0,"J. Dai","Equilibrium Strategy Based Carbon Dioxide Emission Reduction and Waste Water Reuse of Coal Chemical Enterprise",2019,"Lecture Notes on Multidisciplinary Industrial Engineering","","","https://www.scopus.com/inward/citedby.uri?partnerID=HzOxMe3b&scp=85161457686&origin=inward",174,"2023-12-15 21:21:59","Book Chapter","10.1007/978-3-319-93351-1_18","2522-5022","https://api.elsevier.com/content/abstract/scopus_id/85161457686",,,211,223,0,0.00,0,1,4,"","",""
30,"J. Li","A two-stage water allocation strategy for developing regional economic-environment sustainability",2019,"Journal of Environmental Management","","https://api.elsevier.com/content/article/eid/1-s2.0-S0301479719302683","https://www.scopus.com/inward/citedby.uri?partnerID=HzOxMe3b&scp=85065848572&origin=inward",24,"2023-12-15 21:21:59","Article","10.1016/j.jenvman.2019.02.108","0301-4797","https://api.elsevier.com/content/abstract/scopus_id/85065848572",244,,189,198,30,7.50,30,1,4,"","",""
3,"J. Tian","Quantitative Assessment of the Ecological Vulnerability of Baiyangdian Wetlands in the North China Plain",2021,"Journal of Resources and Ecology","","","https://www.scopus.com/inward/citedby.uri?partnerID=HzOxMe3b&scp=85119993356&origin=inward",108,"2023-12-15 21:21:59","Article","10.5814/j.issn.1674-764x.2021.06.009","1674-764X","https://api.elsevier.com/content/abstract/scopus_id/85119993356",12,6,814,821,3,1.50,3,1,2,"","",""
12,"J. Xu","Energy and exergy co-optimization of IGCC with lower emissions based on fuzzy supervisory predictive control",2020,"Energy Reports","","https://api.elsevier.com/content/article/eid/1-s2.0-S2352484719307048","https://www.scopus.com/inward/citedby.uri?partnerID=HzOxMe3b&scp=85078093702&origin=inward",59,"2023-12-15 21:21:59","Article","10.1016/j.egyr.2020.01.003","2352-4847","https://api.elsevier.com/content/abstract/scopus_id/85078093702",6,,272,285,12,4.00,12,1,3,"","",""
3,"J. Xu","Industrial decarbonisation oriented distributed renewable generation towards wastewater treatment sector: Case from the Yangtze River Delta region in China",2022,"Energy","","https://api.elsevier.com/content/article/eid/1-s2.0-S0360544222014657","https://www.scopus.com/inward/citedby.uri?partnerID=HzOxMe3b&scp=85133691271&origin=inward",106,"2023-12-15 21:21:59","Article","10.1016/j.energy.2022.124562","0360-5442","https://api.elsevier.com/content/abstract/scopus_id/85133691271",256,,,,3,3.00,3,1,1,"","",""
7,"J. Yanbo","Bioaugmentation Technology for Treatment of Toxic and Refractory Organic Waste Water Based on Artificial Intelligence",2021,"Frontiers in Bioengineering and Biotechnology","","","https://www.scopus.com/inward/citedby.uri?partnerID=HzOxMe3b&scp=85110631494&origin=inward",78,"2023-12-15 21:21:59","Article","10.3389/fbioe.2021.696166","2296-4185","https://api.elsevier.com/content/abstract/scopus_id/85110631494",9,,,,7,3.50,7,1,2,"","",""
2,"J. Zhang","Environmental Assessment of Low-Grade Highway based on AHP-FCE Method",2021,"ACM International Conference Proceeding Series","","","https://www.scopus.com/inward/citedby.uri?partnerID=HzOxMe3b&scp=85123048219&origin=inward",130,"2023-12-15 21:21:59","Conference Paper","10.1145/3494583.3494638","","https://api.elsevier.com/content/abstract/scopus_id/85123048219",,,393,398,2,1.00,2,1,2,"","",""
13,"J.O. Oladipo","Fuzzy Logic Interference for Characterization of Surface Water Potability in Ikare Rural Community, Nigeria",2020,"Journal of Geovisualization and Spatial Analysis","","","https://www.scopus.com/inward/citedby.uri?partnerID=HzOxMe3b&scp=85088043341&origin=inward",56,"2023-12-15 21:21:59","Article","10.1007/s41651-019-0044-z","2509-8829","https://api.elsevier.com/content/abstract/scopus_id/85088043341",4,1,,,13,4.33,13,1,3,"","",""
2,"J.O.P. Nayagam","Response surface methodology and adaptive neuro-fuzzy inference system for adsorption of reactive orange 16 by hydrochar",2023,"Global Journal of Environmental Science and Management","","","https://www.scopus.com/inward/citedby.uri?partnerID=HzOxMe3b&scp=85148247038&origin=inward",120,"2023-12-15 21:21:59","Article","10.22035/gjesm.2023.03.02","2383-3572","https://api.elsevier.com/content/abstract/scopus_id/85148247038",9,3,373,388,2,2.00,2,1,1,"","",""
4,"K. Aghilesh","Use of artificial intelligence for optimizing biosorption of textile wastewater using agricultural waste",2023,"Environmental Technology (United Kingdom)","","","https://www.scopus.com/inward/citedby.uri?partnerID=HzOxMe3b&scp=85146193355&origin=inward",96,"2023-12-15 21:21:59","Article","10.1080/09593330.2021.1961874","0959-3330","https://api.elsevier.com/content/abstract/scopus_id/85146193355",44,1,22,34,4,4.00,4,1,1,"","",""
16,"K. Baghizadeh","Sustainable agriculture supply chain network design considering water-energy-food nexus using queuing system: A hybrid robust possibilistic programming",2022,"Natural Resource Modeling","","","https://www.scopus.com/inward/citedby.uri?partnerID=HzOxMe3b&scp=85121542947&origin=inward",46,"2023-12-15 21:21:59","Article","10.1111/nrm.12337","0890-8575","https://api.elsevier.com/content/abstract/scopus_id/85121542947",35,1,,,16,16.00,16,1,1,"","",""
3,"K. Liu","Study on LID Facilities Comprehensive Effect Evaluation: A case in Campus",2022,"Ecohydrology and Hydrobiology","","https://api.elsevier.com/content/article/eid/1-s2.0-S1642359322000325","https://www.scopus.com/inward/citedby.uri?partnerID=HzOxMe3b&scp=85131600275&origin=inward",107,"2023-12-15 21:21:59","Article","10.1016/j.ecohyd.2022.04.001","1642-3593","https://api.elsevier.com/content/abstract/scopus_id/85131600275",22,3,530,540,3,3.00,3,1,1,"","",""
18,"K. Ren","Bi-objective optimization of water management in shale gas exploration with uncertainty: A case study from Sichuan, China",2019,"Resources, Conservation and Recycling","","https://api.elsevier.com/content/article/eid/1-s2.0-S0921344919300035","https://www.scopus.com/inward/citedby.uri?partnerID=HzOxMe3b&scp=85059670112&origin=inward",41,"2023-12-15 21:21:59","Article","10.1016/j.resconrec.2019.01.003","0921-3449","https://api.elsevier.com/content/abstract/scopus_id/85059670112",143,,226,235,18,4.50,18,1,4,"","",""
2,"K. Srivastava","A Proposed Fuzzy Logic Model for Waste Water Treatment Analysis",2022,"Lecture Notes in Networks and Systems","","","https://www.scopus.com/inward/citedby.uri?partnerID=HzOxMe3b&scp=85134345031&origin=inward",125,"2023-12-15 21:21:59","Conference Paper","10.1007/978-981-19-3089-8_39","2367-3370","https://api.elsevier.com/content/abstract/scopus_id/85134345031",480,,403,415,2,2.00,2,1,1,"","",""
50,"K. Yang","The identification, health risks and olfactory effects assessment of VOCs released from the wastewater storage tank in a pesticide plant",2019,"Ecotoxicology and Environmental Safety","","https://api.elsevier.com/content/article/eid/1-s2.0-S0147651319309960","https://www.scopus.com/inward/citedby.uri?partnerID=HzOxMe3b&scp=85071992241&origin=inward",10,"2023-12-15 21:21:59","Article","10.1016/j.ecoenv.2019.109665","0147-6513","https://api.elsevier.com/content/abstract/scopus_id/85071992241",184,,,,50,12.50,50,1,4,"","",""
205,"K.B. Newhart","Data-driven performance analyses of wastewater treatment plants: A review",2019,"Water Research","","https://api.elsevier.com/content/article/eid/1-s2.0-S0043135419302490","https://www.scopus.com/inward/citedby.uri?partnerID=HzOxMe3b&scp=85064501867&origin=inward",1,"2023-12-15 21:21:59","Review","10.1016/j.watres.2019.03.030","0043-1354","https://api.elsevier.com/content/abstract/scopus_id/85064501867",157,,498,513,205,51.25,205,1,4,"","",""
6,"K.S. Chen","Evaluating the environmental protection strategy of a printed circuit board manufacturer using a T<inf>w</inf> fuzzy importance performance analysis with Google Trends",2020,"Expert Systems with Applications","","https://api.elsevier.com/content/article/eid/1-s2.0-S0957417420303079","https://www.scopus.com/inward/citedby.uri?partnerID=HzOxMe3b&scp=85084185749&origin=inward",85,"2023-12-15 21:21:59","Article","10.1016/j.eswa.2020.113483","0957-4174","https://api.elsevier.com/content/abstract/scopus_id/85084185749",156,,,,6,2.00,6,1,3,"","",""
4,"L. Abdullah","Pythagorean Fuzzy Hamacher Choquet integral operators and their application to multi-criteria decision making",2019,"Journal of Intelligent and Fuzzy Systems","","","https://www.scopus.com/inward/citedby.uri?partnerID=HzOxMe3b&scp=85069464135&origin=inward",105,"2023-12-15 21:21:59","Article","10.3233/JIFS-182704","1064-1246","https://api.elsevier.com/content/abstract/scopus_id/85069464135",37,1,1259,1274,4,1.00,4,1,4,"","",""
4,"L. Duarte","An Interactive WebGIS Integrating Environmental Susceptibility Mapping in a Self-Burning Waste Pile Using a Multi-Criteria Decision Analysis Approach",2022,"Geosciences (Switzerland)","","","https://www.scopus.com/inward/citedby.uri?partnerID=HzOxMe3b&scp=85140636672&origin=inward",99,"2023-12-15 21:21:59","Article","10.3390/geosciences12100352","2076-3263","https://api.elsevier.com/content/abstract/scopus_id/85140636672",12,10,,,4,4.00,4,1,1,"","",""
2,"L. Liu","An attempt to evaluate the green construction of large-scale hydropower projects: Taking wudongde hydropower station on the jinsha river, China as an example",2022,"Sustainability (Switzerland)","","","https://www.scopus.com/inward/citedby.uri?partnerID=HzOxMe3b&scp=85121835911&origin=inward",131,"2023-12-15 21:21:59","Article","10.3390/su14010194","2071-1050","https://api.elsevier.com/content/abstract/scopus_id/85121835911",14,1,,,2,2.00,2,1,1,"","",""
0,"M. Abramovitch","Stakeholder-driven multi-objective optimization of a modular food waste valorization process",2020,"AIChE Annual Meeting, Conference Proceedings","","","https://www.scopus.com/inward/citedby.uri?partnerID=HzOxMe3b&scp=85106201213&origin=inward",199,"2023-12-15 21:21:59","Conference Paper","","","https://api.elsevier.com/content/abstract/scopus_id/85106201213",2020,,,,0,0.00,0,1,3,"","",""
1,"M. Almuhisen","The most common factors effecting ground water quality",2019,"International Journal of Innovative Technology and Exploring Engineering","","","https://www.scopus.com/inward/citedby.uri?partnerID=HzOxMe3b&scp=85060757592&origin=inward",163,"2023-12-15 21:21:59","Article","","2278-3075","https://api.elsevier.com/content/abstract/scopus_id/85060757592",8,3,79,83,1,0.25,1,1,4,"","",""
17,"M. Amiri","Modification of the Thomas model for predicting unsymmetrical breakthrough curves using an adaptive neural-based fuzzy inference system",2019,"Journal of Water and Health","","","https://www.scopus.com/inward/citedby.uri?partnerID=HzOxMe3b&scp=85061481835&origin=inward",45,"2023-12-15 21:21:59","Article","10.2166/wh.2019.210","1477-8920","https://api.elsevier.com/content/abstract/scopus_id/85061481835",17,1,25,36,17,4.25,17,1,4,"","",""
38,"M. Asadi","Biogas production estimation using data-driven approaches for cold region municipal wastewater anaerobic digestion",2020,"Journal of Environmental Management","","https://api.elsevier.com/content/article/eid/1-s2.0-S0301479719314264","https://www.scopus.com/inward/citedby.uri?partnerID=HzOxMe3b&scp=85073669199&origin=inward",18,"2023-12-15 21:21:59","Article","10.1016/j.jenvman.2019.109708","0301-4797","https://api.elsevier.com/content/abstract/scopus_id/85073669199",253,,,,38,12.67,38,1,3,"","",""
19,"M. Asadi","Biogas maximization using data-driven modelling with uncertainty analysis and genetic algorithm for municipal wastewater anaerobic digestion",2021,"Journal of Environmental Management","","https://api.elsevier.com/content/article/eid/1-s2.0-S0301479721009373","https://www.scopus.com/inward/citedby.uri?partnerID=HzOxMe3b&scp=85107140741&origin=inward",33,"2023-12-15 21:21:59","Article","10.1016/j.jenvman.2021.112875","0301-4797","https://api.elsevier.com/content/abstract/scopus_id/85107140741",293,,,,19,9.50,19,1,2,"","",""
13,"M. Bahramian","Data to intelligence: The role of data-driven models in wastewater treatment",2023,"Expert Systems with Applications","","https://api.elsevier.com/content/article/eid/1-s2.0-S0957417422024721","https://www.scopus.com/inward/citedby.uri?partnerID=HzOxMe3b&scp=85146253695&origin=inward",53,"2023-12-15 21:21:59","Review","10.1016/j.eswa.2022.119453","0957-4174","https://api.elsevier.com/content/abstract/scopus_id/85146253695",217,,,,13,13.00,13,1,1,"","",""
1,"M. Clutter","Robust Predictive Design of Field Measurements for Evapotranspiration Barriers Using Universal Multiple linear Regression",2019,"Water Resources Research","","","https://www.scopus.com/inward/citedby.uri?partnerID=HzOxMe3b&scp=85074753374&origin=inward",162,"2023-12-15 21:21:59","Article","10.1029/2019WR026194","0043-1397","https://api.elsevier.com/content/abstract/scopus_id/85074753374",55,11,8478,8491,1,0.25,1,1,4,"","",""
50,"M. Dolatabadi","Adsorption of tetracycline antibiotic onto modified zeolite: Experimental investigation and modeling",2020,"MethodsX","","https://api.elsevier.com/content/article/eid/1-s2.0-S2215016120301047","https://www.scopus.com/inward/citedby.uri?partnerID=HzOxMe3b&scp=85083567405&origin=inward",9,"2023-12-15 21:21:59","Article","10.1016/j.mex.2020.100885","2215-0161","https://api.elsevier.com/content/abstract/scopus_id/85083567405",7,,,,50,16.67,50,1,3,"","",""
6,"M. Ghasemi","A comparative study of black-box and white-box data-driven methods to predict landfill leachate permeability",2023,"Environmental Monitoring and Assessment","","","https://www.scopus.com/inward/citedby.uri?partnerID=HzOxMe3b&scp=85162202942&origin=inward",81,"2023-12-15 21:21:59","Article","10.1007/s10661-023-11462-9","0167-6369","https://api.elsevier.com/content/abstract/scopus_id/85162202942",195,7,,,6,6.00,6,1,1,"","",""
16,"M. Ghorbani Mooselu","A fuzzy multi-stakeholder socio-optimal model for water and waste load allocation",2019,"Environmental Monitoring and Assessment","","","https://www.scopus.com/inward/citedby.uri?partnerID=HzOxMe3b&scp=85065664255&origin=inward",50,"2023-12-15 21:21:59","Article","10.1007/s10661-019-7504-2","0167-6369","https://api.elsevier.com/content/abstract/scopus_id/85065664255",191,6,,,16,4.00,16,1,4,"","",""
13,"M. Islam","Integrating spatial information technologies and fuzzy analytic hierarchy process (F-AHP) approach for landfill siting",2020,"City and Environment Interactions","","https://api.elsevier.com/content/article/eid/1-s2.0-S259025202030026X","https://www.scopus.com/inward/citedby.uri?partnerID=HzOxMe3b&scp=85100485081&origin=inward",55,"2023-12-15 21:21:59","Article","10.1016/j.cacint.2020.100045","2590-2520","https://api.elsevier.com/content/abstract/scopus_id/85100485081",7,,,,13,4.33,13,1,3,"","",""
125,"M. Kamali","Sustainability criteria for assessing nanotechnology applicability in industrial wastewater treatment: Current status and future outlook",2019,"Environment International","","https://api.elsevier.com/content/article/eid/1-s2.0-S016041201832350X","https://www.scopus.com/inward/citedby.uri?partnerID=HzOxMe3b&scp=85060956099&origin=inward",4,"2023-12-15 21:21:59","Article","10.1016/j.envint.2019.01.055","0160-4120","https://api.elsevier.com/content/abstract/scopus_id/85060956099",125,,261,276,125,31.25,125,1,4,"","",""
16,"M. Mahmoudi","Site selection for artificial recharge with treated wastewater with the integration of multi-criteria evaluation and ELECTRE III",2021,"Environmental Science and Pollution Research","","","https://www.scopus.com/inward/citedby.uri?partnerID=HzOxMe3b&scp=85099350316&origin=inward",47,"2023-12-15 21:21:59","Note","10.1007/s11356-021-12354-6","0944-1344","https://api.elsevier.com/content/abstract/scopus_id/85099350316",28,34,46748,46763,16,8.00,16,1,2,"","",""
18,"M. Mokhtari Nesfchi","Fabrication of plasmonic nanoparticles / cobalt doped TiO<inf>2</inf> nanosheets for degradation of tetracycline and modeling the process by artificial intelligence techniques",2021,"Materials Science in Semiconductor Processing","","https://api.elsevier.com/content/article/eid/1-s2.0-S1369800120313998","https://www.scopus.com/inward/citedby.uri?partnerID=HzOxMe3b&scp=85092020282&origin=inward",37,"2023-12-15 21:21:59","Article","10.1016/j.mssp.2020.105465","1369-8001","https://api.elsevier.com/content/abstract/scopus_id/85092020282",122,,,,18,9.00,18,1,2,"","",""
0,"M. Razani","Assessment of Lime-Based Mortars to Conservation of Architectural Remains from Archaeological Excavations",2020,"Journal of Archaeological Studies","","","https://www.scopus.com/inward/citedby.uri?partnerID=HzOxMe3b&scp=85150638843&origin=inward",183,"2023-12-15 21:21:59","Article","10.22059/jarcs.2020.271630.142655","2251-9297","https://api.elsevier.com/content/abstract/scopus_id/85150638843",12,3,65,91,0,0.00,0,1,3,"","",""
0,"M. Sun","Research and application of key technologies for intelligent control of steam flooding",2022,"2022 4th International Conference on Intelligent Control, Measurement and Signal Processing, ICMSP 2022","","","https://www.scopus.com/inward/citedby.uri?partnerID=HzOxMe3b&scp=85138118910&origin=inward",188,"2023-12-15 21:21:59","Conference Paper","10.1109/ICMSP55950.2022.9859181","","https://api.elsevier.com/content/abstract/scopus_id/85138118910",,,639,643,0,0.00,0,1,1,"","",""
14,"M. Taki","Machine learning models for prediction the Higher Heating Value (HHV) of Municipal Solid Waste (MSW) for waste-to-energy evaluation",2022,"Case Studies in Thermal Engineering","","https://api.elsevier.com/content/article/eid/1-s2.0-S2214157X22000697","https://www.scopus.com/inward/citedby.uri?partnerID=HzOxMe3b&scp=85123838901&origin=inward",51,"2023-12-15 21:21:59","Article","10.1016/j.csite.2022.101823","2214-157X","https://api.elsevier.com/content/abstract/scopus_id/85123838901",31,,,,14,14.00,14,1,1,"","",""
0,"M. Wahba","Use of waste activated carbon and wood ash mixture as an electrical grounding enhancement material",2023,"International Journal of Emerging Electric Power Systems","","","https://www.scopus.com/inward/citedby.uri?partnerID=HzOxMe3b&scp=85172691775&origin=inward",170,"2023-12-15 21:21:59","Article","10.1515/ijeeps-2023-0120","2194-5756","https://api.elsevier.com/content/abstract/scopus_id/85172691775",,,,,0,0.00,0,1,1,"","",""
10,"M. Wang","Application of AHP-FCE evaluation on the pulping and papermaking water pollution control technology",2021,"Journal of Forestry Engineering","","","https://www.scopus.com/inward/citedby.uri?partnerID=HzOxMe3b&scp=85113602655&origin=inward",65,"2023-12-15 21:21:59","Article","10.13360/j.issn.2096-1359.202007017","2096-1359","https://api.elsevier.com/content/abstract/scopus_id/85113602655",6,4,107,113,10,5.00,10,1,2,"","",""
1,"M. Yörükoğlu","Assessment of Smart Waste Management Systems with Spherical AHP Method",2022,"IFIP Advances in Information and Communication Technology","","","https://www.scopus.com/inward/citedby.uri?partnerID=HzOxMe3b&scp=85126178271&origin=inward",152,"2023-12-15 21:21:59","Conference Paper","10.1007/978-3-030-96592-1_3","1868-4238","https://api.elsevier.com/content/abstract/scopus_id/85126178271",637,,32,43,1,1.00,1,1,1,"","",""
16,"M.A. Dalhat","Utilization of micronized recycled polyethylene waste to improve the hydrophobicity of asphalt surfaces",2020,"Construction and Building Materials","","https://api.elsevier.com/content/article/eid/1-s2.0-S0950061819334191","https://www.scopus.com/inward/citedby.uri?partnerID=HzOxMe3b&scp=85077321172&origin=inward",49,"2023-12-15 21:21:59","Article","10.1016/j.conbuildmat.2019.117966","0950-0618","https://api.elsevier.com/content/abstract/scopus_id/85077321172",240,,,,16,5.33,16,1,3,"","",""
4,"M.A. Elhosseini","Heat recovery steam generator (HRSG) three-element drum level control utilizing Fractional order PID and fuzzy controllers",2022,"ISA Transactions","","https://api.elsevier.com/content/article/eid/1-s2.0-S0019057821002329","https://www.scopus.com/inward/citedby.uri?partnerID=HzOxMe3b&scp=85105258725&origin=inward",103,"2023-12-15 21:21:59","Article","10.1016/j.isatra.2021.04.035","0019-0578","https://api.elsevier.com/content/abstract/scopus_id/85105258725",122,,281,293,4,4.00,4,1,1,"","",""
1,"M.A. Misrol","Multi-objective Optimization of an Integrated Energy-Water-Waste Nexus for Eco-Industrial Park",2021,"Chemical Engineering Transactions","","","https://www.scopus.com/inward/citedby.uri?partnerID=HzOxMe3b&scp=85122586391&origin=inward",153,"2023-12-15 21:21:59","Article","10.3303/CET2189059","2283-9216","https://api.elsevier.com/content/abstract/scopus_id/85122586391",89,,349,354,1,0.50,1,1,2,"","",""
1,"M.H. Hafezi","A Cluster-Based Technique for Identifying and Grouping Oily Waste Types Generated From Marine Oil Spill Response Operations",2022,"Frontiers in Environmental Science","","","https://www.scopus.com/inward/citedby.uri?partnerID=HzOxMe3b&scp=85133358117&origin=inward",147,"2023-12-15 21:21:59","Article","10.3389/fenvs.2022.910214","2296-665X","https://api.elsevier.com/content/abstract/scopus_id/85133358117",10,,,,1,1.00,1,1,1,"","",""
41,"M.H.A. Azqhandi","A highly effective, recyclable, and novel host-guest nanocomposite for Triclosan removal: A comprehensive modeling and optimization-based adsorption study",2019,"Journal of Colloid and Interface Science","","https://api.elsevier.com/content/article/eid/1-s2.0-S0021979719305454","https://www.scopus.com/inward/citedby.uri?partnerID=HzOxMe3b&scp=85065242279&origin=inward",15,"2023-12-15 21:21:59","Article","10.1016/j.jcis.2019.05.007","0021-9797","https://api.elsevier.com/content/abstract/scopus_id/85065242279",551,,195,207,41,10.25,41,1,4,"","",""
0,"M.T. Alresheedi","Sustainability of a Low-Cost Decentralized Treatment System for Wastewater Reuse: Resident Perception-Based Evaluation for Arid Regions",2023,"Water (Switzerland)","","","https://www.scopus.com/inward/citedby.uri?partnerID=HzOxMe3b&scp=85173802901&origin=inward",168,"2023-12-15 21:21:59","Article","10.3390/w15193458","2073-4441","https://api.elsevier.com/content/abstract/scopus_id/85173802901",15,19,,,0,0.00,0,1,1,"","",""
3,"M.V. Caya","Development of ET-Based Irrigation System in Green Roofs Using Penman-Monteith Equation",2019,"2019 IEEE 11th International Conference on Humanoid, Nanotechnology, Information Technology, Communication and Control, Environment, and Management, HNICEM 2019","","","https://www.scopus.com/inward/citedby.uri?partnerID=HzOxMe3b&scp=85084744345&origin=inward",115,"2023-12-15 21:21:59","Conference Paper","10.1109/HNICEM48295.2019.9072864","","https://api.elsevier.com/content/abstract/scopus_id/85084744345",,,,,3,0.75,3,1,4,"","",""
0,"N. Azizi","Removal of most frequent microplastic types and sizes in secondary effluent using Al<inf>2</inf>(SO<inf>4</inf>)<inf>3</inf>: choosing variables by a fuzzy Delphi method",2023,"Scientific Reports","","","https://www.scopus.com/inward/citedby.uri?partnerID=HzOxMe3b&scp=85177697866&origin=inward",164,"2023-12-15 21:21:59","Article","10.1038/s41598-023-47803-4","2045-2322","https://api.elsevier.com/content/abstract/scopus_id/85177697866",13,1,,,0,0.00,0,1,1,"","",""
7,"N. Hao","Optimal allocation of water resources and eco‐compensation mechanism model based on the interval‐fuzzy two‐stage stochastic programming method for tingjiang river",2022,"International Journal of Environmental Research and Public Health","","","https://www.scopus.com/inward/citedby.uri?partnerID=HzOxMe3b&scp=85121477853&origin=inward",75,"2023-12-15 21:21:59","Article","10.3390/ijerph19010149","1661-7827","https://api.elsevier.com/content/abstract/scopus_id/85121477853",19,1,,,7,7.00,7,1,1,"","",""
0,"N. Sharma","Soft computing techniques for assessment of strength of concrete with marble powder",2023,"Multiscale and Multidisciplinary Modeling, Experiments and Design","","","https://www.scopus.com/inward/citedby.uri?partnerID=HzOxMe3b&scp=85139219968&origin=inward",187,"2023-12-15 21:21:59","Article","10.1007/s41939-022-00130-z","2520-8179","https://api.elsevier.com/content/abstract/scopus_id/85139219968",6,1,81,96,0,0.00,0,1,1,"","",""
3,"N. Zarrinpoor","Designing a sustainable supply chain network for producing high-value products from waste glass",2021,"Waste Management and Research","","","https://www.scopus.com/inward/citedby.uri?partnerID=HzOxMe3b&scp=85103425280&origin=inward",111,"2023-12-15 21:21:59","Article","10.1177/0734242X21994669","0734-242X","https://api.elsevier.com/content/abstract/scopus_id/85103425280",39,12,1489,1500,3,1.50,3,1,2,"","",""
3,"N.A. Dewanti","Fuzzy logic application as a tool for classifying water quality status in gajahwong river, yogyakarta, indonesia",2019,"IOP Conference Series: Materials Science and Engineering","","","https://www.scopus.com/inward/citedby.uri?partnerID=HzOxMe3b&scp=85069189108&origin=inward",116,"2023-12-15 21:21:59","Conference Paper","10.1088/1757-899X/546/3/032005","1757-8981","https://api.elsevier.com/content/abstract/scopus_id/85069189108",546,3,,,3,0.75,3,1,4,"","",""
2,"O.A. Gashteroodkhani","Renewable energy power generation using waste energy in water pressure reducing valves",2020,"2020 IEEE Texas Power and Energy Conference, TPEC 2020","","","https://www.scopus.com/inward/citedby.uri?partnerID=HzOxMe3b&scp=85083080453&origin=inward",135,"2023-12-15 21:21:59","Conference Paper","10.1109/TPEC48276.2020.9042495","","https://api.elsevier.com/content/abstract/scopus_id/85083080453",,,,,2,0.67,2,1,3,"","",""
1,"O.A. Gashteroodkhani","A Control Scheme for In-Conduit Hydropower Generators to Maximize Power Generation from Waste Energy in Pressure Reducing Valves",2021,"IEEE Transactions on Industry Applications","","","https://www.scopus.com/inward/citedby.uri?partnerID=HzOxMe3b&scp=85096367026&origin=inward",158,"2023-12-15 21:21:59","Article","10.1109/TIA.2020.3035338","0093-9994","https://api.elsevier.com/content/abstract/scopus_id/85096367026",57,1,1035,1043,1,0.50,1,1,2,"","",""
5,"P. Majumder","Trapezoidal fuzzy BWM-TOPSIS approach and application on water resources",2023,"Environment, Development and Sustainability","","","https://www.scopus.com/inward/citedby.uri?partnerID=HzOxMe3b&scp=85124376313&origin=inward",90,"2023-12-15 21:21:59","Article","10.1007/s10668-022-02126-8","1387-585X","https://api.elsevier.com/content/abstract/scopus_id/85124376313",25,3,2648,2669,5,5.00,5,1,1,"","",""
19,"P. Najafi","A comparative approach of fuzzy object based image analysis and machine learning techniques which are applied to crop residue cover mapping by using sentinel-2 satellite and uav imagery",2021,"Remote Sensing","","","https://www.scopus.com/inward/citedby.uri?partnerID=HzOxMe3b&scp=85102659464&origin=inward",34,"2023-12-15 21:21:59","Article","10.3390/rs13050937","2072-4292","https://api.elsevier.com/content/abstract/scopus_id/85102659464",13,5,1,24,19,9.50,19,1,2,"","",""
3,"P. Pattnaik","Sustainability of textile waste-water management by using an integrated fuzzy AHP-TOPSIS method: A case study",2021,"International Journal of Environment and Sustainable Development","","","https://www.scopus.com/inward/citedby.uri?partnerID=HzOxMe3b&scp=85105130121&origin=inward",110,"2023-12-15 21:21:59","Article","10.1504/IJESD.2021.114543","1474-6778","https://api.elsevier.com/content/abstract/scopus_id/85105130121",20,2,105,128,3,1.50,3,1,2,"","",""
0,"P.M.K. Singh","Effect of ultrasound assisted extraction of dietary fiber from pineapple peel and its application with anthocyanin rich black rice",2022,"Journal of Food Processing and Preservation","","","https://www.scopus.com/inward/citedby.uri?partnerID=HzOxMe3b&scp=85137938595&origin=inward",190,"2023-12-15 21:21:59","Article","10.1111/jfpp.17111","0145-8892","https://api.elsevier.com/content/abstract/scopus_id/85137938595",46,11,,,0,0.00,0,1,1,"","",""
18,"Q. Shao","Developing A Sustainable Urban-Environmental Quality Evaluation System in China Based on A Hybrid Model",2019,"International journal of environmental research and public health","","","https://www.scopus.com/inward/citedby.uri?partnerID=HzOxMe3b&scp=85065298704&origin=inward",40,"2023-12-15 21:21:59","Article","10.3390/ijerph16081434","1660-4601","https://api.elsevier.com/content/abstract/scopus_id/85065298704",16,8,,,18,4.50,18,1,4,"","",""
2,"Q. Wang","Evaluation of environmental carrying capacity in Xiong'an New Area based on fuzzy comprehensive evaluation method",2022,"Journal of Computational Methods in Sciences and Engineering","","","https://www.scopus.com/inward/citedby.uri?partnerID=HzOxMe3b&scp=85140748702&origin=inward",124,"2023-12-15 21:21:59","Article","10.3233/JCM-226158","1472-7978","https://api.elsevier.com/content/abstract/scopus_id/85140748702",22,5,1737,1750,2,2.00,2,1,1,"","",""
14,"Q. Yue","Towards sustainable circular agriculture: An integrated optimization framework for crop-livestock-biogas-crop recycling system management under uncertainty",2022,"Agricultural Systems","","https://api.elsevier.com/content/article/eid/1-s2.0-S0308521X21003000","https://www.scopus.com/inward/citedby.uri?partnerID=HzOxMe3b&scp=85121234214&origin=inward",52,"2023-12-15 21:21:59","Article","10.1016/j.agsy.2021.103347","0308-521X","https://api.elsevier.com/content/abstract/scopus_id/85121234214",196,,,,14,14.00,14,1,1,"","",""
47,"R. Agrawal","Analysing the roadblocks of circular economy adoption in the automobile sector: Reducing waste and environmental perspectives",2021,"Business Strategy and the Environment","","","https://www.scopus.com/inward/citedby.uri?partnerID=HzOxMe3b&scp=85094678515&origin=inward",11,"2023-12-15 21:21:59","Article","10.1002/bse.2669","0964-4733","https://api.elsevier.com/content/abstract/scopus_id/85094678515",30,2,1051,1066,47,23.50,47,1,2,"","",""
6,"R. Flores-Asis","Analysis of the behavior for operation parameters in the anaerobic digestion process with thermal pretreatment, using fuzzy logic",2019,"Journal of Environmental Science and Health - Part A Toxic/Hazardous Substances and Environmental Engineering","","","https://www.scopus.com/inward/citedby.uri?partnerID=HzOxMe3b&scp=85063782485&origin=inward",86,"2023-12-15 21:21:59","Article","10.1080/10934529.2019.1593010","1093-4529","https://api.elsevier.com/content/abstract/scopus_id/85063782485",54,6,582,592,6,1.50,6,1,4,"","",""
2,"R. Ramirez","Environmental Risk Assessment of Silver Nanoparticles in Aquatic Ecosystems Using Fuzzy Logic",2022,"Water (Switzerland)","","","https://www.scopus.com/inward/citedby.uri?partnerID=HzOxMe3b&scp=85132309514&origin=inward",127,"2023-12-15 21:21:59","Article","10.3390/w14121885","2073-4441","https://api.elsevier.com/content/abstract/scopus_id/85132309514",14,12,,,2,2.00,2,1,1,"","",""
4,"R. Salles","Prediction of Key Variables in Wastewater Treatment Plants Using Machine Learning Models",2022,"Proceedings of the International Joint Conference on Neural Networks","","","https://www.scopus.com/inward/citedby.uri?partnerID=HzOxMe3b&scp=85140775833&origin=inward",98,"2023-12-15 21:21:59","Conference Paper","10.1109/IJCNN55064.2022.9892661","","https://api.elsevier.com/content/abstract/scopus_id/85140775833",2022,,,,4,4.00,4,1,1,"","",""
4,"R. Vinayagam","Low temperature carbonized mesoporous graphitic carbon for tetracycline adsorption: Mechanistic insight and adaptive neuro-fuzzy inference system modeling",2023,"Bioresource Technology Reports","","https://api.elsevier.com/content/article/eid/1-s2.0-S2589014X23001391","https://www.scopus.com/inward/citedby.uri?partnerID=HzOxMe3b&scp=85159195318&origin=inward",95,"2023-12-15 21:21:59","Article","10.1016/j.biteb.2023.101468","2589-014X","https://api.elsevier.com/content/abstract/scopus_id/85159195318",22,,,,4,4.00,4,1,1,"","",""
1,"R.A. Frota","Fuzzy logic for control of injector wells flow rates under produced water reinjection",2022,"Journal of Petroleum Science and Engineering","","https://api.elsevier.com/content/article/eid/1-s2.0-S0920410522004508","https://www.scopus.com/inward/citedby.uri?partnerID=HzOxMe3b&scp=85129761214&origin=inward",148,"2023-12-15 21:21:59","Article","10.1016/j.petrol.2022.110574","0920-4105","https://api.elsevier.com/content/abstract/scopus_id/85129761214",215,,,,1,1.00,1,1,1,"","",""
0,"S. Arora","Implementing Machine Learning Algorithm to Model Reaeration Coefficient of Urbanized Rivers",2023,"Environmental Modeling and Assessment","","","https://www.scopus.com/inward/citedby.uri?partnerID=HzOxMe3b&scp=85158960356&origin=inward",177,"2023-12-15 21:21:59","Article","10.1007/s10666-023-09895-0","1420-2026","https://api.elsevier.com/content/abstract/scopus_id/85158960356",28,4,535,546,0,0.00,0,1,1,"","",""
2,"S. Bhattacharjee","A Type-2 Fuzzy Logic Approach for Forecasting of Effluent Quality Parameters of Wastewater Treatment",2022,"Mathematical Problems in Engineering","","","https://www.scopus.com/inward/citedby.uri?partnerID=HzOxMe3b&scp=85132032648&origin=inward",128,"2023-12-15 21:21:59","Article","10.1155/2022/1965157","1024-123X","https://api.elsevier.com/content/abstract/scopus_id/85132032648",2022,,,,2,2.00,2,1,1,"","",""
0,"S. Fatima","Selection of sanitary landfill site by integrated fuzzy AHP and GIS for Multan, Pakistan",2022,"World Review of Science, Technology and Sustainable Development","","","https://www.scopus.com/inward/citedby.uri?partnerID=HzOxMe3b&scp=85144356255&origin=inward",184,"2023-12-15 21:21:59","Article","10.1504/wrstsd.2023.127263","1741-2242","https://api.elsevier.com/content/abstract/scopus_id/85144356255",19,1,149,169,0,0.00,0,1,1,"","",""
0,"S. Fatima","COMPARISON OF LANDFILL SITE SUITABILITY ASSESSMENT USING AHP AND FUZZY AHP METHODS",2021,"Journal of Solid Waste Technology and Management","","","https://www.scopus.com/inward/citedby.uri?partnerID=HzOxMe3b&scp=85137895451&origin=inward",191,"2023-12-15 21:21:59","Article","10.5276/JSWTM/2021.746","1088-1697","https://api.elsevier.com/content/abstract/scopus_id/85137895451",47,4,746,759,0,0.00,0,1,2,"","",""
10,"S. Ghanbari","Compressive strength prediction of high-strength oil palm shell lightweight aggregate concrete using machine learning methods",2023,"Environmental Science and Pollution Research","","","https://www.scopus.com/inward/citedby.uri?partnerID=HzOxMe3b&scp=85137326078&origin=inward",64,"2023-12-15 21:21:59","Article","10.1007/s11356-022-21987-0","0944-1344","https://api.elsevier.com/content/abstract/scopus_id/85137326078",30,1,1096,1115,10,10.00,10,1,1,"","",""
33,"S. Kayapinar Kaya","Futuristic airport: A sustainable airport design by integrating hesitant fuzzy SWARA and hesitant fuzzy sustainable quality function deployment",2020,"Journal of Cleaner Production","","https://api.elsevier.com/content/article/eid/1-s2.0-S0959652620339251","https://www.scopus.com/inward/citedby.uri?partnerID=HzOxMe3b&scp=85091061494&origin=inward",21,"2023-12-15 21:21:59","Article","10.1016/j.jclepro.2020.123880","0959-6526","https://api.elsevier.com/content/abstract/scopus_id/85091061494",275,,,,33,11.00,33,1,3,"","",""
18,"S. Li","Environmental safety analysis of red mud-based cemented backfill on groundwater",2021,"International Journal of Environmental Research and Public Health","","","https://www.scopus.com/inward/citedby.uri?partnerID=HzOxMe3b&scp=85111441492&origin=inward",36,"2023-12-15 21:21:59","Article","10.3390/ijerph18158094","1661-7827","https://api.elsevier.com/content/abstract/scopus_id/85111441492",18,15,,,18,9.00,18,1,2,"","",""
67,"S. Mazhar","Sequential treatment of paper and pulp industrial wastewater: Prediction of water quality parameters by Mamdani Fuzzy Logic model and phytotoxicity assessment",2019,"Chemosphere","","https://api.elsevier.com/content/article/eid/1-s2.0-S004565351930668X","https://www.scopus.com/inward/citedby.uri?partnerID=HzOxMe3b&scp=85064431317&origin=inward",6,"2023-12-15 21:21:59","Article","10.1016/j.chemosphere.2019.04.022","0045-6535","https://api.elsevier.com/content/abstract/scopus_id/85064431317",227,,256,268,67,16.75,67,1,4,"","",""
3,"S. Naraghi","Optimization of tailings disposal method using fuzzy analytic hierarchy process",2019,"Water Science and Technology: Water Supply","","","https://www.scopus.com/inward/citedby.uri?partnerID=HzOxMe3b&scp=85067469029&origin=inward",117,"2023-12-15 21:21:59","Article","10.2166/ws.2019.028","1606-9749","https://api.elsevier.com/content/abstract/scopus_id/85067469029",19,5,1563,1571,3,0.75,3,1,4,"","",""
20,"S. Narayanamoorthy","An integrated decision making approach for selecting a sustainable waste water treatment technology",2022,"Chemosphere","","https://api.elsevier.com/content/article/eid/1-s2.0-S004565352201061X","https://www.scopus.com/inward/citedby.uri?partnerID=HzOxMe3b&scp=85129083249&origin=inward",32,"2023-12-15 21:21:59","Article","10.1016/j.chemosphere.2022.134568","0045-6535","https://api.elsevier.com/content/abstract/scopus_id/85129083249",301,,,,20,20.00,20,1,1,"","",""
12,"S. Narayanamoorthy","An approach to assess PWR methods to cope with physical barriers on plastic waste disposal and exploration from developing nations",2022,"Expert Systems with Applications","","https://api.elsevier.com/content/article/eid/1-s2.0-S0957417422012210","https://www.scopus.com/inward/citedby.uri?partnerID=HzOxMe3b&scp=85134161486&origin=inward",58,"2023-12-15 21:21:59","Article","10.1016/j.eswa.2022.117996","0957-4174","https://api.elsevier.com/content/abstract/scopus_id/85134161486",207,,,,12,12.00,12,1,1,"","",""
7,"S. Sadeghfam","Decision-making process of partnership in establishing and managing of rural wastewater treatment plants: Using intentional and geographical-spatial location data",2021,"Water Research","","https://api.elsevier.com/content/article/eid/1-s2.0-S0043135421002943","https://www.scopus.com/inward/citedby.uri?partnerID=HzOxMe3b&scp=85103944572&origin=inward",80,"2023-12-15 21:21:59","Article","10.1016/j.watres.2021.117096","0043-1354","https://api.elsevier.com/content/abstract/scopus_id/85103944572",197,,,,7,3.50,7,1,2,"","",""
10,"S. Tayebikhorami","A fuzzy multi-objective optimization approach for treated wastewater allocation",2019,"Environmental Monitoring and Assessment","","","https://www.scopus.com/inward/citedby.uri?partnerID=HzOxMe3b&scp=85067961261&origin=inward",67,"2023-12-15 21:21:59","Article","10.1007/s10661-019-7557-2","0167-6369","https://api.elsevier.com/content/abstract/scopus_id/85067961261",191,7,,,10,2.50,10,1,4,"","",""
40,"S.A. Ali","Sanitary landfill site selection by integrating AHP and FTOPSIS with GIS: a case study of Memari Municipality, India",2021,"Environmental Science and Pollution Research","","","https://www.scopus.com/inward/citedby.uri?partnerID=HzOxMe3b&scp=85092311010&origin=inward",16,"2023-12-15 21:21:59","Article","10.1007/s11356-020-11004-7","0944-1344","https://api.elsevier.com/content/abstract/scopus_id/85092311010",28,6,7528,7550,40,20.00,40,1,2,"","",""
24,"S.A. Naghibi","Multivariate data-based optimization of membrane adsorption process for wastewater treatment: Multi-layer perceptron adaptive neural network versus adaptive neural fuzzy inference system",2021,"Chemosphere","","https://api.elsevier.com/content/article/eid/1-s2.0-S0045653520334652","https://www.scopus.com/inward/citedby.uri?partnerID=HzOxMe3b&scp=85097679264&origin=inward",26,"2023-12-15 21:21:59","Article","10.1016/j.chemosphere.2020.129268","0045-6535","https://api.elsevier.com/content/abstract/scopus_id/85097679264",267,,,,24,12.00,24,1,2,"","",""
2,"S.H. Alihosseini","Evaluation of treated municipal wastewater effluent for agricultural irrigation purposes using the fuzzy effluent quality index (FEQI)",2020,"Water Science and Technology: Water Supply","","","https://www.scopus.com/inward/citedby.uri?partnerID=HzOxMe3b&scp=85079421311&origin=inward",136,"2023-12-15 21:21:59","Article","10.2166/ws.2019.146","1606-9749","https://api.elsevier.com/content/abstract/scopus_id/85079421311",20,1,148,156,2,0.67,2,1,3,"","",""
1,"S.K. Selvaraj","Wireless nanosensor network for irrigation control",2021,"Nanosensors for Smart Agriculture","","https://api.elsevier.com/content/article/eid/3-s2.0-B9780128245545000057","https://www.scopus.com/inward/citedby.uri?partnerID=HzOxMe3b&scp=85129677959&origin=inward",149,"2023-12-15 21:21:59","Book Chapter","10.1016/B978-0-12-824554-5.00005-7","","https://api.elsevier.com/content/abstract/scopus_id/85129677959",,,463,478,1,0.50,1,1,2,"","",""
4,"S.M. Mousavi","Optimal Landfill Site Selection for Solid Waste of Three Municipalities Based on Boolean and Fuzzy Methods: A Case Study in Kermanshah Province, Iran",2022,"Land","","","https://www.scopus.com/inward/citedby.uri?partnerID=HzOxMe3b&scp=85140880375&origin=inward",97,"2023-12-15 21:21:59","Article","10.3390/land11101779","2073-445X","https://api.elsevier.com/content/abstract/scopus_id/85140880375",11,10,,,4,4.00,4,1,1,"","",""
4,"S.S. Alizadeh","Risk assessment of physical unit operations of wastewater treatment plant using fuzzy FMEA method: a case study in the northwest of Iran",2022,"Environmental Monitoring and Assessment","","","https://www.scopus.com/inward/citedby.uri?partnerID=HzOxMe3b&scp=85135053238&origin=inward",100,"2023-12-15 21:21:59","Article","10.1007/s10661-022-10248-9","0167-6369","https://api.elsevier.com/content/abstract/scopus_id/85135053238",194,9,,,4,4.00,4,1,1,"","",""
8,"S.S. Baral","Selection of suitable adsorbent for the removal of Cr(VI) by using objective based multiple attribute decision making method",2020,"Preparative Biochemistry and Biotechnology","","","https://www.scopus.com/inward/citedby.uri?partnerID=HzOxMe3b&scp=85088286210&origin=inward",73,"2023-12-15 21:21:59","Article","10.1080/10826068.2020.1789993","1082-6068","https://api.elsevier.com/content/abstract/scopus_id/85088286210",,,69,75,8,2.67,8,1,3,"","",""
5,"S.S. Kumar","A supervisory fuzzy logic control scheme to improve effluent quality of a wastewater treatment plant",2021,"Water Science and Technology","","","https://www.scopus.com/inward/citedby.uri?partnerID=HzOxMe3b&scp=85120505764&origin=inward",91,"2023-12-15 21:21:59","Article","10.2166/wst.2021.225","0273-1223","https://api.elsevier.com/content/abstract/scopus_id/85120505764",84,10,3415,3424,5,2.50,5,1,2,"","",""
1,"S.S.T. Eagalapati","Fractional order-based hierarchical controller design and evaluation with Bürger-Diehl settler model in a total nitrogen removal wastewater treatment process",2023,"Environmental Science and Pollution Research","","","https://www.scopus.com/inward/citedby.uri?partnerID=HzOxMe3b&scp=85129241072&origin=inward",150,"2023-12-15 21:21:59","Article","10.1007/s11356-022-20473-x","0944-1344","https://api.elsevier.com/content/abstract/scopus_id/85129241072",30,10,25559,25568,1,1.00,1,1,1,"","",""
2,"T. Abdolkhaninezhad","Analysis Indicators of Health-Safety in the Risk Assessment of Landfill with the Combined Method of Fuzzy Multi-Criteria Decision Making and Bow Tie Model",2022,"Sustainability (Switzerland)","","","https://www.scopus.com/inward/citedby.uri?partnerID=HzOxMe3b&scp=85142686138&origin=inward",123,"2023-12-15 21:21:59","Article","10.3390/su142215465","2071-1050","https://api.elsevier.com/content/abstract/scopus_id/85142686138",14,22,,,2,2.00,2,1,1,"","",""
0,"T. Marcelleon","Evaluating Waste's Hazardousness using Fuzzy Logic and Simple Additive Weighting",2023,"Journal of Computer Science","","","https://www.scopus.com/inward/citedby.uri?partnerID=HzOxMe3b&scp=85153348889&origin=inward",180,"2023-12-15 21:21:59","Article","10.3844/JCSSP.2023.145.156","1549-3636","https://api.elsevier.com/content/abstract/scopus_id/85153348889",19,1,145,156,0,0.00,0,1,1,"","",""
24,"T. Semeraro","Modelling fuzzy combination of remote sensing vegetation index for durum wheat crop analysis",2019,"Computers and Electronics in Agriculture","","https://api.elsevier.com/content/article/eid/1-s2.0-S0168169918311347","https://www.scopus.com/inward/citedby.uri?partnerID=HzOxMe3b&scp=85058500266&origin=inward",28,"2023-12-15 21:21:59","Article","10.1016/j.compag.2018.12.027","0168-1699","https://api.elsevier.com/content/abstract/scopus_id/85058500266",156,,684,692,24,6.00,24,1,4,"","",""
5,"T. Shi","Co-valorisation of sewage sludge and poultry litter waste for hydrogen production: Gasification process design, sustainability-oriented optimization, and systematic assessment",2023,"Energy","","https://api.elsevier.com/content/article/eid/1-s2.0-S036054422300525X","https://www.scopus.com/inward/citedby.uri?partnerID=HzOxMe3b&scp=85149640826&origin=inward",88,"2023-12-15 21:21:59","Article","10.1016/j.energy.2023.127131","0360-5442","https://api.elsevier.com/content/abstract/scopus_id/85149640826",272,,,,5,5.00,5,1,1,"","",""
1,"T.K. Paul","Multi-criteria group decision-making method in disposal of municipal solid waste based on cubic Pythagorean fuzzy EDAS approach with incomplete weight information",2023,"Applied Soft Computing","","https://api.elsevier.com/content/article/eid/1-s2.0-S1568494623005331","https://www.scopus.com/inward/citedby.uri?partnerID=HzOxMe3b&scp=85162923432&origin=inward",141,"2023-12-15 21:21:59","Article","10.1016/j.asoc.2023.110515","1568-4946","https://api.elsevier.com/content/abstract/scopus_id/85162923432",144,,,,1,1.00,1,1,1,"","",""
5,"T.S. Bisht","Selection of optimal aggregation function for the revised leachate pollution index (r-LPI)",2022,"Environmental Monitoring and Assessment","","","https://www.scopus.com/inward/citedby.uri?partnerID=HzOxMe3b&scp=85124629039&origin=inward",89,"2023-12-15 21:21:59","Article","10.1007/s10661-022-09861-5","0167-6369","https://api.elsevier.com/content/abstract/scopus_id/85124629039",194,3,,,5,5.00,5,1,1,"","",""
1,"V. Past","Management of the construction and demolition waste (CDW) and determination of the best disposal alternative by FAHP (Fuzzy Analytic Hierarchy Process): A case study of Tehran, Iran",2023,"Journal of the Air and Waste Management Association","","","https://www.scopus.com/inward/citedby.uri?partnerID=HzOxMe3b&scp=85150421234&origin=inward",143,"2023-12-15 21:21:59","Article","10.1080/10962247.2023.2178542","1096-2247","https://api.elsevier.com/content/abstract/scopus_id/85150421234",73,4,271,284,1,1.00,1,1,1,"","",""
0,"V. Singh","Landfill site selection in a mining dominated area using a fuzzy AHP and DRASTIC vulnerability based multicriteria decision analysis: a case study of Dhanbad, India",2023,"Environmental Monitoring and Assessment","","","https://www.scopus.com/inward/citedby.uri?partnerID=HzOxMe3b&scp=85170193513&origin=inward",171,"2023-12-15 21:21:59","Article","10.1007/s10661-023-11795-5","0167-6369","https://api.elsevier.com/content/abstract/scopus_id/85170193513",195,10,,,0,0.00,0,1,1,"","",""
37,"V.K. Parida","An assessment of hospital wastewater and biomedical waste generation, existing legislations, risk assessment, treatment processes, and scenario during COVID-19",2022,"Journal of Environmental Management","","https://api.elsevier.com/content/article/eid/1-s2.0-S0301479722001827","https://www.scopus.com/inward/citedby.uri?partnerID=HzOxMe3b&scp=85123723036&origin=inward",19,"2023-12-15 21:21:59","Review","10.1016/j.jenvman.2022.114609","0301-4797","https://api.elsevier.com/content/abstract/scopus_id/85123723036",308,,,,37,37.00,37,1,1,"","",""
35,"V.T. Dang","An integrated fuzzy AHP and fuzzy TOPSIS approach to assess sustainable urban development in an emerging economy",2019,"International Journal of Environmental Research and Public Health","","","https://www.scopus.com/inward/citedby.uri?partnerID=HzOxMe3b&scp=85071280121&origin=inward",20,"2023-12-15 21:21:59","Article","10.3390/ijerph16162902","1661-7827","https://api.elsevier.com/content/abstract/scopus_id/85071280121",16,16,,,35,8.75,35,1,4,"","",""
11,"W. Wang","A soft sensor modeling method with dynamic time-delay estimation and its application in wastewater treatment plant",2021,"Biochemical Engineering Journal","","https://api.elsevier.com/content/article/eid/1-s2.0-S1369703X21001248","https://www.scopus.com/inward/citedby.uri?partnerID=HzOxMe3b&scp=85106305612&origin=inward",60,"2023-12-15 21:21:59","Article","10.1016/j.bej.2021.108048","1369-703X","https://api.elsevier.com/content/abstract/scopus_id/85106305612",172,,,,11,5.50,11,1,2,"","",""
0,"W. Zhou","The Economic Value of Water Ecology in Sponge City Construction Based on a Ternary Interactive System",2022,"International Journal of Environmental Research and Public Health","","","https://www.scopus.com/inward/citedby.uri?partnerID=HzOxMe3b&scp=85143670260&origin=inward",185,"2023-12-15 21:21:59","Article","10.3390/ijerph192315844","1661-7827","https://api.elsevier.com/content/abstract/scopus_id/85143670260",19,23,,,0,0.00,0,1,1,"","",""
131,"X. Jia","Identification of the potential risk areas for soil heavy metal pollution based on the source-sink theory",2020,"Journal of Hazardous Materials","","https://api.elsevier.com/content/article/eid/1-s2.0-S0304389420304131","https://www.scopus.com/inward/citedby.uri?partnerID=HzOxMe3b&scp=85080130809&origin=inward",2,"2023-12-15 21:21:59","Article","10.1016/j.jhazmat.2020.122424","0304-3894","https://api.elsevier.com/content/abstract/scopus_id/85080130809",393,,,,131,43.67,131,1,3,"","",""
41,"X. Li","Data-driven estimation of COVID-19 community prevalence through wastewater-based epidemiology",2021,"Science of the Total Environment","","https://api.elsevier.com/content/article/eid/1-s2.0-S0048969721030187","https://www.scopus.com/inward/citedby.uri?partnerID=HzOxMe3b&scp=85107141422&origin=inward",14,"2023-12-15 21:21:59","Article","10.1016/j.scitotenv.2021.147947","0048-9697","https://api.elsevier.com/content/abstract/scopus_id/85107141422",789,,,,41,20.50,41,1,2,"","",""
0,"X. Yu","Research on functional fabrics with moisture absorption quick drying and easy decontamination properties",2023,"Journal of Silk","","","https://www.scopus.com/inward/citedby.uri?partnerID=HzOxMe3b&scp=85164661132&origin=inward",172,"2023-12-15 21:21:59","Article","10.3969/j.issn.1001-7003.2023.06.002","1001-7003","https://api.elsevier.com/content/abstract/scopus_id/85164661132",60,6,7,13,0,0.00,0,1,1,"","",""
13,"Y. Ali","Selection of the Most Feasible Wastewater Treatment Technology in Pakistan Using Multi-Criteria Decision-Making (MCDM)",2020,"Water Conservation Science and Engineering","","","https://www.scopus.com/inward/citedby.uri?partnerID=HzOxMe3b&scp=85103633926&origin=inward",54,"2023-12-15 21:21:59","Article","10.1007/s41101-020-00094-6","2366-3340","https://api.elsevier.com/content/abstract/scopus_id/85103633926",5,3,199,213,13,4.33,13,1,3,"","",""
7,"Y. Cao","A new intelligence fuzzy-based hybrid metaheuristic algorithm for analyzing the application of tea waste in concrete as natural fiber",2021,"Computers and Electronics in Agriculture","","https://api.elsevier.com/content/article/eid/1-s2.0-S0168169921004373","https://www.scopus.com/inward/citedby.uri?partnerID=HzOxMe3b&scp=85114499688&origin=inward",77,"2023-12-15 21:21:59","Article","10.1016/j.compag.2021.106420","0168-1699","https://api.elsevier.com/content/abstract/scopus_id/85114499688",190,,,,7,3.50,7,1,2,"","",""
19,"Y. Lin","Environmental risk mapping of potential abandoned uranium mine contamination on the Navajo Nation, USA, using a GIS-based multi-criteria decision analysis approach",2020,"Environmental Science and Pollution Research","","","https://www.scopus.com/inward/citedby.uri?partnerID=HzOxMe3b&scp=85085747253&origin=inward",35,"2023-12-15 21:21:59","Article","10.1007/s11356-020-09257-3","0944-1344","https://api.elsevier.com/content/abstract/scopus_id/85085747253",27,24,30542,30557,19,6.33,19,1,3,"","",""
17,"Y. Liu","Developing a life cycle composite footprint index for sustainability prioritization of sludge-to-energy alternatives",2021,"Journal of Cleaner Production","","https://api.elsevier.com/content/article/eid/1-s2.0-S0959652620349295","https://www.scopus.com/inward/citedby.uri?partnerID=HzOxMe3b&scp=85095730411&origin=inward",43,"2023-12-15 21:21:59","Article","10.1016/j.jclepro.2020.124885","0959-6526","https://api.elsevier.com/content/abstract/scopus_id/85095730411",281,,,,17,8.50,17,1,2,"","",""
2,"Y. Liu","VFS-based OFSP model for groundwater pollution study of domestic waste landfill",2021,"Environmental Science and Pollution Research","","","https://www.scopus.com/inward/citedby.uri?partnerID=HzOxMe3b&scp=85100931483&origin=inward",134,"2023-12-15 21:21:59","Article","10.1007/s11356-021-12521-9","0944-1344","https://api.elsevier.com/content/abstract/scopus_id/85100931483",28,24,30783,30806,2,1.00,2,1,2,"","",""
0,"Y. Lu","Distrust Behavior in Social Network Large-Scale Group Decision Making and Its Application in Water Pollution Management",2023,"Water (Switzerland)","","","https://www.scopus.com/inward/citedby.uri?partnerID=HzOxMe3b&scp=85159168878&origin=inward",176,"2023-12-15 21:21:59","Article","10.3390/w15091638","2073-4441","https://api.elsevier.com/content/abstract/scopus_id/85159168878",15,9,,,0,0.00,0,1,1,"","",""
73,"Y. Rezaeisabzevar","Landfill site selection using multi criteria decision making: Influential factors for comparing locations",2020,"Journal of Environmental Sciences (China)","","https://api.elsevier.com/content/article/eid/1-s2.0-S1001074220300875","https://www.scopus.com/inward/citedby.uri?partnerID=HzOxMe3b&scp=85084109381&origin=inward",5,"2023-12-15 21:21:59","Review","10.1016/j.jes.2020.02.030","1001-0742","https://api.elsevier.com/content/abstract/scopus_id/85084109381",93,,170,184,73,24.33,73,1,3,"","",""
22,"Y. Tu","Regional water resources security evaluation based on a hybrid fuzzy BWM-TOPSIS method",2020,"International Journal of Environmental Research and Public Health","","","https://www.scopus.com/inward/citedby.uri?partnerID=HzOxMe3b&scp=85088018001&origin=inward",30,"2023-12-15 21:21:59","Article","10.3390/ijerph17144987","1661-7827","https://api.elsevier.com/content/abstract/scopus_id/85088018001",17,14,1,24,22,7.33,22,1,3,"","",""
3,"Y. Wang","Coal Weight Measurement Method of Belt Conveyor Based on Binocular Stereo Vision",2020,"2020 7th International Conference on Information, Cybernetics, and Computational Social Systems, ICCSS 2020","","","https://www.scopus.com/inward/citedby.uri?partnerID=HzOxMe3b&scp=85100872368&origin=inward",112,"2023-12-15 21:21:59","Conference Paper","10.1109/ICCSS52145.2020.9336813","","https://api.elsevier.com/content/abstract/scopus_id/85100872368",,,486,492,3,1.00,3,1,3,"","",""
2,"Y. Wang","Dynamic analysis and control optimization of hydrogen supply for the proton exchange membrane fuel cell and metal hydride coupling system with a hydrogen buffer tank",2023,"Energy Conversion and Management","","https://api.elsevier.com/content/article/eid/1-s2.0-S0196890423006854","https://www.scopus.com/inward/citedby.uri?partnerID=HzOxMe3b&scp=85163525042&origin=inward",119,"2023-12-15 21:21:59","Article","10.1016/j.enconman.2023.117339","0196-8904","https://api.elsevier.com/content/abstract/scopus_id/85163525042",291,,,,2,2.00,2,1,1,"","",""
6,"Y. Xu","Prediction of the Adaptability of Using Continuous Extraction and Continuous Backfill Mining Method to Sequestrate CO<inf>2</inf>-A Case Study",2022,"Minerals","","","https://www.scopus.com/inward/citedby.uri?partnerID=HzOxMe3b&scp=85137381979&origin=inward",82,"2023-12-15 21:21:59","Article","10.3390/min12080936","2075-163X","https://api.elsevier.com/content/abstract/scopus_id/85137381979",12,8,,,6,6.00,6,1,1,"","",""
42,"Y. Zhou","Evaluation Index System of Green Surface Mining in China",2020,"Mining, Metallurgy and Exploration","","","https://www.scopus.com/inward/citedby.uri?partnerID=HzOxMe3b&scp=85085506604&origin=inward",13,"2023-12-15 21:21:59","Article","10.1007/s42461-020-00236-3","2524-3462","https://api.elsevier.com/content/abstract/scopus_id/85085506604",37,4,1093,1103,42,14.00,42,1,3,"","",""
1,"Y.C. Lee","Prioritizing selection criteria of distributed circular water systems: A fuzzy based multi-criteria decision-making approach",2023,"Journal of Cleaner Production","","https://api.elsevier.com/content/article/eid/1-s2.0-S095965262302231X","https://www.scopus.com/inward/citedby.uri?partnerID=HzOxMe3b&scp=85166465636&origin=inward",137,"2023-12-15 21:21:59","Article","10.1016/j.jclepro.2023.138073","0959-6526","https://api.elsevier.com/content/abstract/scopus_id/85166465636",417,,,,1,1.00,1,1,1,"","",""
5,"Y.D. Tan","Cooperative game-based anchor process allocation within sustainable palm oil based complex for environment-food-energy-water nexus evaluation",2021,"Journal of Cleaner Production","","https://api.elsevier.com/content/article/eid/1-s2.0-S0959652621021454","https://www.scopus.com/inward/citedby.uri?partnerID=HzOxMe3b&scp=85109464281&origin=inward",92,"2023-12-15 21:21:59","Article","10.1016/j.jclepro.2021.127927","0959-6526","https://api.elsevier.com/content/abstract/scopus_id/85109464281",314,,,,5,2.50,5,1,2,"","",""
3,"Y.D. Tan","Shapley-Shubik Index incorporated debottlenecking framework for sustainable food-energy-water nexus optimised palm oil-based complex",2021,"Journal of Cleaner Production","","https://api.elsevier.com/content/article/eid/1-s2.0-S0959652621016565","https://www.scopus.com/inward/citedby.uri?partnerID=HzOxMe3b&scp=85106499239&origin=inward",109,"2023-12-15 21:21:59","Article","10.1016/j.jclepro.2021.127437","0959-6526","https://api.elsevier.com/content/abstract/scopus_id/85106499239",309,,,,3,1.50,3,1,2,"","",""
0,"Y.T. Negash","Developing a hierarchical framework for assessing the strategic effectiveness of sustainable waste management in the Somaliland construction industry",2023,"Environmental Science and Pollution Research","","","https://www.scopus.com/inward/citedby.uri?partnerID=HzOxMe3b&scp=85153712558&origin=inward",178,"2023-12-15 21:21:59","Article","10.1007/s11356-023-27060-8","0944-1344","https://api.elsevier.com/content/abstract/scopus_id/85153712558",30,25,67303,67325,0,0.00,0,1,1,"","",""
7,"Z. Chen","Environmental impact of the effluents discharging from full-scale wastewater treatment plants evaluated by a hybrid fuzzy approach",2021,"Science of the Total Environment","","https://api.elsevier.com/content/article/eid/1-s2.0-S0048969721032836","https://www.scopus.com/inward/citedby.uri?partnerID=HzOxMe3b&scp=85107631408&origin=inward",79,"2023-12-15 21:21:59","Article","10.1016/j.scitotenv.2021.148212","0048-9697","https://api.elsevier.com/content/abstract/scopus_id/85107631408",790,,,,7,3.50,7,1,2,"","",""
2,"Z. Cheng","Research on emergency treatment technology for water pollution accidents where the pollutants are not included in the emergency database",2021,"Water Science and Technology","","","https://www.scopus.com/inward/citedby.uri?partnerID=HzOxMe3b&scp=85120522064&origin=inward",132,"2023-12-15 21:21:59","Article","10.2166/wst.2021.445","0273-1223","https://api.elsevier.com/content/abstract/scopus_id/85120522064",84,9,2318,2334,2,1.00,2,1,2,"","",""
1,"Z. Jalilibal","A Hybrid Grounded Theory, Fuzzy DEMATEL and ISM Method for Assessment of Sustainability Criteria for Project Portfolio Selection Problems",2022,"Iranian journal of Management Studies","","","https://www.scopus.com/inward/citedby.uri?partnerID=HzOxMe3b&scp=85133638546&origin=inward",146,"2023-12-15 21:21:59","Article","10.22059/IJMS.2021.317127.674399","2008-7055","https://api.elsevier.com/content/abstract/scopus_id/85133638546",15,3,425,442,1,1.00,1,1,1,"","",""
2,"Z. Mu","Risk Analysis of Dynamic Water Level Setting of Reservoir in Flood Season Based on Multi-index",2022,"Water Resources Management","","","https://www.scopus.com/inward/citedby.uri?partnerID=HzOxMe3b&scp=85131595858&origin=inward",129,"2023-12-15 21:21:59","Article","10.1007/s11269-022-03188-z","0920-4741","https://api.elsevier.com/content/abstract/scopus_id/85131595858",36,9,3067,3086,2,2.00,2,1,1,"","",""
129,"Z. Ye","Tackling environmental challenges in pollution controls using artificial intelligence: A review",2020,"Science of the Total Environment","","https://api.elsevier.com/content/article/eid/1-s2.0-S0048969719342627","https://www.scopus.com/inward/citedby.uri?partnerID=HzOxMe3b&scp=85074240649&origin=inward",3,"2023-12-15 21:21:59","Review","10.1016/j.scitotenv.2019.134279","0048-9697","https://api.elsevier.com/content/abstract/scopus_id/85074240649",699,,,,129,43.00,129,1,3,"","",""
